Nazwa funduszu	Kurs	Waluta	St. zw. 1D	St. zw. 7D	St. zw. 1M	St. zw. 3M	St. zw. 1R	St. zw. 3L	Data	Ranking 12M
89th Avenue Fund No 1 FIZ	1 329,63	PLN	0,00	0,00	-0,56	-0,74	29,74	0,00	2017-07-26	-
Acer Aggressive FIZ	243,67	PLN	0,00	0,00	-2,82	-2,82	42,99	0,00	2017-07-26	-
AGIO Agresywny Spółek Wzrostowych (AGIO SFIO)	1 466,60	PLN	0,00	0,87	1,68	4,01	28,49	28,52	2017-07-25	
AGIO Akcji PLUS (AGIO PLUS FIO)	156,23	PLN	0,02	-0,94	0,01	-0,10	21,20	0,00	2017-07-25	
AGIO Globalny (AGIO SFIO)	1 075,80	PLN	0,00	-0,05	-0,63	0,77	13,06	7,57	2017-07-25	-
AGIO Globalny (EUR) (AGIO SFIO)	255,80	EUR	0,00	0,85	0,29	1,60	17,68	5,78	2017-07-25	-
AGIO Globalny (USD) (AGIO SFIO)	294,85	USD	0,00	1,46	3,74	9,29	23,30	-9,47	2017-07-25	-
AGIO Globalny Kapitał FIZ	1 035,88	PLN	0,00	0,00	0,65	1,34	3,42	0,00	2017-07-26	-
AGIO Kapitał (AGIO SFIO)	1 419,18	PLN	0,00	0,10	0,37	1,08	2,96	10,44	2017-07-25	
AGIO Kapitał (EUR) (AGIO SFIO)	337,44	EUR	0,00	1,00	1,29	1,91	7,16	8,60	2017-07-25	-
""
AGIO Kapitał (USD) (AGIO SFIO)	388,97	USD	0,00	1,61	4,78	9,63	12,28	-7,05	2017-07-25	-
AGIO Kapitał PLUS (AGIO PLUS FIO)	122,01	PLN	0,00	0,10	0,37	0,93	2,11	9,22	2017-07-25	
AGIO Market Neutral FIZ	1 024,07	PLN	0,00	0,00	-0,09	0,85	4,99	0,00	2017-07-26	
AGIO Nieruchomości Komercyjnych FIZ AN	1 115,25	PLN	0,00	0,00	0,38	1,20	3,88	0,00	2017-07-26	-
AGIO Obligacji PLUS (AGIO PLUS FIO)	100,87	PLN	-0,01	-0,05	-0,07	0,43	0,45	0,00	2017-07-25	
AGIO Stabilny PLUS (AGIO PLUS FIO)	106,25	PLN	0,00	-0,30	-0,31	0,00	4,12	0,00	2017-07-25	
AGIO Wierzytelności NSFIZ	276,14	PLN	0,00	0,00	0,81	-0,47	0,89	0,00	2017-07-26	-
AGIO Wierzytelności Plus 2 NSFIZ	196 762,00	PLN	0,00	0,00	0,54	1,56	5,30	0,00	2017-07-26	-
AGIO Wierzytelności Plus NSFIZ	226,98	PLN	0,00	0,00	0,46	1,37	4,85	0,00	2017-07-26	-
AGRO Obligacji (AGRO FIO)	100,48	PLN	0,02	0,02	1,00	0,49	0,00	0,00	2017-07-25	-
AGRO Rynku Pieniężnego (AGRO FIO)	100,27	PLN	0,00	0,02	0,08	0,23	0,00	0,00	2017-07-25	-
AGRO Strategii Giełdowych (AGRO FIO)	99,70	PLN	0,22	-0,06	0,72	-0,29	0,00	0,00	2017-07-25	-
AGRO Zrównoważony Lokacyjny Plus (AGRO FIO)	99,60	PLN	0,11	-0,18	0,39	-0,41	0,00	0,00	2017-07-25	-
Alfa FIZ	1 005,39	PLN	0,00	0,00	-0,36	2,26	0,55	0,00	2017-07-26	-
Alior Agresywny (Alior SFIO)	91,17	PLN	0,18	-0,84	-1,31	-2,30	18,13	6,05	2017-07-26	
Alior Fundusz funduszy Strategia Aktywna (Alior SFIO)	100,00	PLN	-0,02	-0,15	0,03	0,00	0,00	0,00	2017-07-26	-
Alior Fundusz funduszy Strategia Dynamiczna (Alior SFIO)	99,94	PLN	-0,01	-0,18	-0,03	0,00	0,00	0,00	2017-07-26	-
Alior Fundusz funduszy Strategia Ostrożna (Alior SFIO)	100,14	PLN	0,04	0,07	0,15	0,00	0,00	0,00	2017-07-26	-
Alior Fundusz funduszy Strategia Rozważna (Alior SFIO)	100,15	PLN	-0,03	-0,11	0,17	0,00	0,00	0,00	2017-07-26	-
Alior Multi Asset (Alior SFIO)	72,56	PLN	0,18	-0,48	-0,30	-1,32	5,14	-11,73	2017-07-26	
Alior Obligacji Światowych (Alior SFIO)	104,31	PLN	0,15	-0,07	-0,26	0,73	0,00	0,00	2017-07-26	-
Alior Papierów Dłużnych (Alior SFIO)	110,27	PLN	0,02	0,07	-0,12	0,75	2,19	2,10	2017-07-26	
Alior Pieniężny (Alior SFIO)	105,11	PLN	0,01	-0,02	0,17	0,82	3,54	0,00	2017-07-26	
Alior Stabilnych Spółek (Alior SFIO)	114,57	PLN	0,38	-0,62	0,14	-1,45	18,31	-2,52	2017-07-26	
Allianz Akcji (Allianz FIO)	155,88	PLN	0,59	-0,33	0,37	0,15	20,17	0,41	2017-07-26	
Allianz Akcji Azjatyckich (Allianz SFIO)	110,14	PLN	0,70	2,41	3,58	11,43	14,30	0,00	2017-07-19	
Allianz Akcji Globalnych (Allianz FIO)	121,79	PLN	0,31	0,21	0,30	2,22	10,27	13,46	2017-07-26	
Allianz Akcji Małych i Średnich Spółek (Allianz FIO)	148,13	PLN	0,33	-0,08	-2,08	2,87	22,71	20,45	2017-07-26	
Allianz Akcji Rynków Wschodzących (Allianz SFIO)	109,97	PLN	-0,24	0,00	0,00	0,00	0,00	0,00	2017-07-26	-
Allianz Aktywnej Alokacji (Allianz FIO)	106,51	PLN	0,28	-0,19	-0,11	-0,16	3,82	-3,77	2017-07-26	
Allianz Defensywna Multistrategia (Allianz SFIO)	103,74	PLN	-0,07	0,06	-0,95	0,26	-0,18	0,00	2017-07-26	
Allianz Discovery FIZ seria A	1 136,36	PLN	0,00	0,00	-0,75	0,57	1,06	0,00	2017-07-26	-
Allianz Dynamiczna Multistrategia (Allianz SFIO)	114,25	PLN	0,46	0,12	-0,88	-0,80	7,09	0,00	2017-07-26	
Allianz Dywidendowy Akcji Europejskich (Allianz SFIO)	110,80	PLN	0,48	-0,01	-0,91	1,46	10,35	0,00	2017-07-26	
Allianz Europe Equity Growth Select (Allianz SFIO)	107,11	PLN	0,53	-0,78	-3,94	-1,27	6,97	0,00	2017-07-26	
Allianz Flexi Asia Bond (Allianz SFIO)	104,79	PLN	-0,07	0,02	-0,23	0,39	4,65	0,00	2017-07-26	-
Allianz Global Metals and Mining (Allianz SFIO)	104,66	PLN	3,13	1,54	6,17	0,00	0,00	0,00	2017-07-26	-
Allianz Globalny Stabilnego Dochodu (Allianz FIO)	112,14	PLN	0,15	0,13	0,21	1,14	4,69	0,00	2017-07-26	
Allianz Income and Growth FIZ	1 068,60	PLN	0,00	0,00	-0,07	0,94	2,65	0,00	2017-07-26	-
Allianz India Equity (Allianz SFIO)	112,49	PLN	0,13	0,31	1,07	0,46	12,34	0,00	2017-07-26	-
Allianz Long-Short Strategy FIZ seria A	297,50	PLN	0,00	0,00	-0,40	0,37	1,43	-0,01	2017-07-26	-
Allianz Long-Short Strategy FIZ seria B	308,19	PLN	0,00	0,00	-0,25	0,82	3,25	0,00	2017-07-26	-
Allianz Małych Spółek Europejskich (Allianz SFIO)	115,39	PLN	0,14	-0,66	-0,83	0,12	10,92	0,00	2017-07-26	
Allianz Obligacji Globalnych (Allianz FIO)	108,37	PLN	0,10	0,08	0,19	0,93	3,29	4,59	2017-07-26	
Allianz Obligacji Globalnych A1 (Allianz FIO)	104,45	PLN	0,11	0,10	-2,52	-1,75	0,00	0,00	2017-07-26	-
Allianz Obligacji Korporacyjnych FIZ seria A	1 181,58	PLN	0,00	0,00	0,26	0,58	3,10	0,00	2017-07-26	
Allianz Obligacji Korporacyjnych FIZ seria B	1 088,83	PLN	0,00	0,00	-8,28	-7,95	-5,21	0,00	2017-07-26	-
Allianz Obligacji Korporacyjnych FIZ seria C	1 244,71	PLN	0,00	0,00	0,41	0,98	5,13	0,00	2017-07-26	-
Allianz Obligacji Korporacyjnych FIZ seria D	1 172,31	PLN	0,00	0,00	-1,30	-0,92	0,00	0,00	2017-07-26	-
Allianz Obligacji Plus (Allianz FIO)	167,38	PLN	0,02	0,05	0,10	0,60	2,89	0,00	2017-07-26	
Allianz Obligacji Plus A1 (Allianz FIO)	167,03	PLN	0,02	0,05	0,10	0,61	1,90	0,00	2017-07-26	-
Allianz Obligacji Plus A2 (Allianz FIO)	169,22	PLN	0,02	0,05	0,09	0,61	3,24	0,00	2017-07-26	-
Allianz Pieniężny (Allianz FIO)	153,21	PLN	0,01	0,04	0,21	0,70	2,09	5,47	2017-07-26	
Allianz Pieniężny Globalny (Allianz SFIO)	101,95	PLN	0,01	0,04	0,19	0,62	1,82	0,00	2017-07-26	
Allianz Pieniężny Globalny A1 (Allianz SFIO)	100,10	PLN	0,01	0,04	-1,64	-1,20	0,00	0,00	2017-07-26	-
Allianz PIMCO Emerging Local Bond (Allianz SFIO)	102,03	PLN	0,00	-0,30	0,76	3,00	1,98	0,00	2017-07-26	-
Allianz PIMCO Emerging Markets Bond (Allianz SFIO)	104,67	PLN	0,17	0,06	0,33	1,29	4,62	0,00	2017-07-26	-
Allianz PIMCO Global Bond (Allianz SFIO)	99,87	PLN	0,18	0,06	-0,28	0,91	-0,18	0,00	2017-07-26	-
Allianz PIMCO Global High Yield Bond (Allianz SFIO)	109,74	PLN	0,07	0,32	0,89	1,85	9,69	0,00	2017-07-26	-
Allianz PIMCO Global High Yield Bond A1 (Allianz SFIO)	109,97	PLN	0,08	0,33	0,93	1,95	0,00	0,00	2017-07-26	-
Allianz PIMCO Global High Yield Bond A2 (Allianz SFIO)	109,97	PLN	0,08	0,33	0,93	1,95	0,00	0,00	2017-07-26	-
Allianz PIMCO Global Investment Grade Credit (Allianz SFIO)	101,99	PLN	0,18	0,06	-0,25	1,40	1,94	0,00	2017-07-26	-
Allianz PIMCO Global Low Duration Real Return (Allianz SFIO)	100,88	PLN	0,20	0,12	-0,04	-0,26	0,75	0,00	2017-07-26	-
Allianz PIMCO Income (Allianz SFIO)	106,04	PLN	0,13	0,08	0,09	1,49	5,99	0,00	2017-07-26	-
Allianz Polskich Obligacji Skarbowych (Allianz FIO)	140,71	PLN	0,04	-0,01	0,00	0,77	1,50	5,24	2017-07-26	
Allianz Realnej Wartości FIZ	1 070,95	PLN	0,00	0,00	-0,65	-1,56	0,00	0,00	2017-07-26	-
Allianz Selektywny (Allianz FIO)	103,32	PLN	0,60	-0,33	0,43	-0,13	21,84	12,10	2017-07-26	
Allianz Stabilnego Wzrostu (Allianz FIO)	131,39	PLN	0,19	-0,14	-0,45	0,08	6,74	1,42	2017-07-26	
Allianz Structured Return FIZ seria A	1 007,83	PLN	0,00	0,00	-0,02	0,34	0,00	0,00	2017-07-26	-
Allianz Structured Return FIZ seria B	972,31	PLN	0,00	0,00	-3,56	-3,22	0,00	0,00	2017-07-26	-
Allianz Structured Return FIZ seria C	1 017,79	PLN	0,00	0,00	0,14	0,84	0,00	0,00	2017-07-26	-
Allianz Surowców i Energii (Allianz FIO)	96,26	PLN	0,90	0,29	2,83	-3,29	-2,15	0,00	2017-07-26	-
Allianz US Short Duration High Income Bond (Allianz SFIO)	103,44	PLN	0,01	0,07	0,22	0,87	3,31	0,00	2017-07-26	
Allianz US Short Duration High Income Bond A1 (Allianz SFIO)	103,61	PLN	0,01	0,07	0,24	0,95	0,00	0,00	2017-07-26	-
Allianz US Short Duration High Income Bond A2 (Allianz SFIO)	103,61	PLN	0,01	0,07	0,24	0,95	0,00	0,00	2017-07-26	-
Allianz Zbalansowana Multistrategia (Allianz SFIO)	109,10	PLN	0,28	0,06	-0,60	0,08	4,42	0,00	2017-07-26	
ALTUS Absolutnej Stopy Zwrotu Dłużny (FIO Parasolowy)	125,05	PLN	-0,01	-0,01	0,57	2,04	6,63	13,31	2017-07-26	-
ALTUS Absolutnej Stopy Zwrotu FIZ GlobAl	104,89	PLN	0,00	0,00	0,01	0,20	-1,30	0,00	2017-07-26	-
ALTUS Absolutnej Stopy Zwrotu FIZ Obligacji 1	138,58	PLN	0,00	0,00	0,54	2,82	7,38	0,00	2017-07-26	-
ALTUS Absolutnej Stopy Zwrotu FIZ Rynku Polskiego 2	153,21	PLN	0,00	0,00	-0,47	0,72	4,14	0,00	2017-07-26	-
ALTUS Absolutnej Stopy Zwrotu Nowej Europy (FIO Parasolowy)	118,31	PLN	0,25	-0,02	0,48	0,51	6,68	13,66	2017-07-26	-
ALTUS Absolutnej Stopy Zwrotu Rynków Zagranicznych (ALTUS Absolutnej Stopy Zwrotu FIZ)	241,72	PLN	0,00	0,00	-0,33	0,79	4,71	0,00	2017-07-26	-
ALTUS Absolutnej Stopy Zwrotu Rynku Polskiego (ALTUS Absolutnej Stopy Zwrotu FIZ)	240,62	PLN	0,00	0,00	-0,43	0,75	5,49	0,00	2017-07-26	-
ALTUS Absolutnej Stopy Zwrotu Rynku Polskiego (FIO Parasolowy)	147,18	PLN	0,02	-0,10	-0,57	-0,39	5,88	12,51	2017-07-26	-
ALTUS Akcji (FIO Parasolowy)	185,57	PLN	0,67	-0,05	1,52	2,50	27,69	30,43	2017-07-26	
ALTUS Aktywnego Zarządzania (FIO Parasolowy)	124,78	PLN	0,27	-0,35	-0,29	-0,64	11,00	17,31	2017-07-26	
ALTUS FIZ Akcji +	142,11	PLN	0,00	0,00	0,05	2,42	10,74	0,00	2017-07-26	
ALTUS FIZ Akcji Globalnych	113,32	PLN	0,00	0,00	0,78	1,03	4,58	0,00	2017-07-26	
ALTUS FIZ Aktywnej Alokacji Spółek Dywidendowych	135,61	PLN	0,00	0,00	-0,44	0,72	6,00	0,00	2017-07-26	-
ALTUS FIZ Aktywny Akcji	124,03	PLN	0,00	0,00	-0,29	-0,26	14,26	0,00	2017-07-26	
ALTUS FIZ GlobAl 2	121,57	PLN	0,00	0,00	-0,24	1,37	11,37	0,00	2017-07-26	-
Altus FIZ Multi Strategia	1 037,65	PLN	0,00	0,00	-0,07	0,90	0,00	0,00	2017-07-26	-
Altus Kapitał Plus FIZ	10 414,20	PLN	0,00	0,00	0,93	1,88	4,68	0,00	2017-07-26	
ALTUS NSFIZ Wierzytelności	230 664,00	PLN	0,00	0,00	0,42	0,61	4,62	0,00	2017-07-26	-
ALTUS NSFIZ Wierzytelności 2	219,73	PLN	0,00	0,00	0,10	1,08	7,37	0,00	2017-07-26	-
ALTUS Optymalnego Wzrostu (FIO Parasolowy)	110,24	PLN	0,33	-0,04	-0,48	-1,17	-0,67	6,56	2017-07-26	-
ALTUS Pieniężny (FIO Parasolowy)	109,62	PLN	0,01	0,05	0,50	0,85	2,75	6,80	2017-07-26	
ALTUS Short (FIO Parasolowy)	89,95	PLN	-0,39	0,80	-0,57	0,27	-20,11	-8,74	2017-07-26	-
ALTUS Stabilnego Wzrostu (FIO Parasolowy)	123,72	PLN	0,27	-0,08	-0,41	-1,06	5,60	8,92	2017-07-26	
Amundi Akcji Małych i Średnich Spółek (Amundi Parasolowy FIO)	133,76	PLN	0,41	0,04	-0,79	0,43	23,14	0,00	2017-07-26	
Amundi Akcyjny (Amundi Parasolowy FIO)	111,94	PLN	0,62	-0,48	0,13	-1,06	29,14	16,41	2017-07-26	
Amundi Globalnych Perspektyw (Amundi Parasolowy FIO)	105,09	PLN	-0,12	-0,06	-0,47	0,71	1,42	0,00	2017-07-25	
Amundi Obligacji (Amundi Parasolowy FIO)	106,28	PLN	-0,01	-0,05	0,06	1,19	0,19	0,73	2017-07-26	
Amundi Płynnościowy (Amundi Parasolowy FIO)	106,23	PLN	0,00	0,02	0,19	0,54	1,74	5,15	2017-07-26	
Amundi Silver Age FIZ	1 103,79	PLN	0,00	0,00	-0,26	3,53	0,00	0,00	2017-07-26	-
Amundi Stabilnego Wzrostu (Amundi Parasolowy FIO)	109,39	PLN	0,19	-0,09	0,19	0,11	9,43	7,86	2017-07-26	
Amundi Zrównoważony (Amundi Parasolowy FIO)	108,10	PLN	0,32	-0,22	0,13	-0,61	13,91	8,52	2017-07-26	
Andromeda FIZ seria A	1 396,67	PLN	0,00	0,00	0,91	0,51	17,04	0,00	2017-07-26	-
Andromeda FIZ seria B	1 289,71	PLN	0,00	0,00	0,63	0,31	18,65	0,00	2017-07-26	-
ARIA Nieruchomościowo-Pożyczkowy FIZ AN	1 136,92	PLN	0,00	0,00	0,58	1,90	8,39	0,00	2017-07-26	-
ARIA Nowych Technologii FIZ AN	1 238,97	PLN	0,00	0,00	0,25	0,82	23,12	0,00	2017-07-26	-
Arionn FIZ	142,05	PLN	0,00	0,00	1,13	1,13	3,85	22,77	2017-07-26	-
Arka BZ WBK Akcji Polskich (Arka BZ WBK FIO)	37,67	PLN	0,53	-0,40	0,43	-0,03	26,92	14,78	2017-07-26	
Arka BZ WBK Akcji Środkowej i Wschodniej Europy (Arka BZ WBK FIO)	45,51	PLN	0,31	-0,26	2,20	5,32	24,31	9,06	2017-07-26	
Arka BZ WBK Akcji Środkowej i Wschodniej Europy FIZ	120,51	PLN	0,26	-0,42	2,20	5,80	28,20	0,00	2017-07-26	
Arka BZ WBK Akcji Tureckich (Arka BZ WBK FIO)	43,49	PLN	0,12	-1,54	0,35	3,70	16,56	-0,14	2017-07-26	
Arka BZ WBK Gotówkowy (Arka BZ WBK FIO)	29,79	PLN	0,00	0,03	0,24	0,61	1,64	4,75	2017-07-26	
Arka BZ WBK Obligacji Europejskich (Arka BZ WBK FIO)	79,91	PLN	0,18	1,34	0,83	1,23	-1,85	4,04	2017-07-26	-
Arka BZ WBK Obligacji Korporacyjnych (Arka BZ WBK FIO)	62,08	PLN	0,02	0,16	0,15	1,01	3,67	8,21	2017-07-26	
Arka BZ WBK Obligacji Skarbowych (Arka BZ WBK FIO)	21,25	PLN	-0,05	-0,14	-0,23	1,14	0,28	4,32	2017-07-26	
Arka BZ WBK Stabilnego Wzrostu (Arka BZ WBK FIO)	32,20	PLN	0,12	-0,19	0,09	1,10	8,34	6,91	2017-07-26	
Arka BZ WBK Zrównoważony (Arka BZ WBK FIO)	31,82	PLN	0,28	-0,25	0,19	0,63	15,00	10,18	2017-07-26	
Arka Platinum Dynamiczny (Arka BZ WBK FIO)	40,76	PLN	0,20	0,39	-0,44	-0,34	2,75	0,00	2017-07-26	
Arka Platinum Konserwatywny (Arka BZ WBK FIO)	63,09	PLN	0,02	0,02	-0,27	0,72	1,02	0,00	2017-07-26	
Arka Platinum Stabilny (Arka BZ WBK FIO)	61,84	PLN	0,10	0,16	-0,29	0,29	1,43	0,00	2017-07-26	
Arka Prestiż Akcji Europejskich (Arka Prestiż SFIO)	1 271,00	PLN	0,49	-0,36	-1,81	-0,06	17,88	0,00	2017-07-26	
Arka Prestiż Akcji Polskich (Arka Prestiż SFIO)	1 485,93	PLN	0,42	-0,23	0,10	-0,20	24,30	37,08	2017-07-26	
Arka Prestiż Akcji Środkowej i Wschodniej Europy (Arka Prestiż SFIO)	1 280,18	PLN	0,40	0,33	3,09	6,75	29,31	28,61	2017-07-26	
Arka Prestiż Europejskich Spółek Dywidendowych (Arka Prestiż SFIO)	1 050,49	PLN	0,14	-0,30	-1,51	-1,14	5,42	0,00	2017-07-26	
Arka Prestiż Gotówkowy (Arka Prestiż SFIO)	1 062,24	PLN	0,01	0,02	0,24	0,63	1,68	4,45	2017-07-26	
Arka Prestiż Obligacji Korporacyjnych (Arka Prestiż SFIO)	1 321,94	PLN	0,02	0,17	0,17	1,06	3,79	9,20	2017-07-26	
Arka Prestiż Obligacji Skarbowych (Arka Prestiż SFIO)	1 347,88	PLN	-0,03	-0,11	-0,18	1,23	0,63	5,77	2017-07-26	
Aviva Investors Akcji Europy Wschodzącej (Aviva Investors FIO)	92,85	PLN	0,77	0,23	-0,01	-1,34	7,48	-9,90	2017-07-25	
Aviva Investors Akcji Rynków Wschodzących (Aviva Investors FIO)	119,01	PLN	0,24	0,49	0,24	0,90	4,56	7,14	2017-07-25	
Aviva Investors Aktywnej Alokacji (Aviva Investors FIO)	124,94	PLN	0,40	0,04	-0,16	0,37	11,18	13,72	2017-07-25	
Aviva Investors Depozyt Plus (Aviva Investors FIO)	177,84	PLN	-0,02	-0,01	0,16	0,53	1,13	2,48	2017-07-25	
Aviva Investors Dłużnych Papierów Korporacyjnych (Aviva Investors FIO)	129,89	PLN	0,04	0,11	0,36	0,92	3,34	9,27	2017-07-25	
Aviva Investors Małych Spółek (Aviva Investors FIO)	180,71	PLN	0,49	-0,44	-1,99	-2,88	15,09	18,25	2017-07-25	
Aviva Investors Nowoczesnych Technologii (Aviva Investors FIO)	161,83	PLN	0,00	-0,70	-1,66	-1,33	13,54	21,54	2017-07-25	-
Aviva Investors Nowych Spółek (Aviva Investors FIO)	178,83	PLN	0,21	-0,29	-0,51	-0,05	11,80	15,15	2017-07-25	
Aviva Investors Obligacji (Aviva Investors FIO)	228,37	PLN	-0,08	-0,11	0,09	0,76	0,27	3,80	2017-07-25	
Aviva Investors Obligacji Dynamiczny (Aviva Investors FIO)	146,72	PLN	0,00	0,01	0,37	1,24	2,10	12,75	2017-07-25	
Aviva Investors Obligacji Zamiennych (Aviva Investors FIO)	103,61	PLN	-0,02	-0,02	0,21	0,79	3,22	0,00	2017-07-25	
Aviva Investors Ochrony Kapitału Plus (Aviva Investors FIO)	177,85	PLN	0,28	-0,15	-0,22	-0,34	3,56	6,80	2017-07-25	
Aviva Investors Optymalnego Wzrostu (Aviva Investors FIO)	114,29	PLN	0,80	0,52	2,19	-2,22	7,29	-8,64	2017-07-25	
Aviva Investors Polskich Akcji (Aviva Investors FIO)	511,82	PLN	0,45	-0,20	0,28	1,04	23,83	19,95	2017-07-25	
Aviva Investors SFIO Lokacyjny	101,94	PLN	0,00	0,04	0,17	0,58	0,00	0,00	2017-07-25	-
Aviva Investors Spółek Dywidendowych (Aviva Investors SFIO)	149,50	PLN	0,28	-0,59	1,07	2,10	21,84	26,76	2017-07-25	
Aviva Investors Stabilnego Inwestowania (Aviva Investors FIO)	281,44	PLN	0,13	-0,10	0,17	0,88	5,74	6,21	2017-07-25	
Aviva Investors Zrównoważony (Aviva Investors FIO)	131,00	PLN	0,25	-0,13	-0,05	0,81	11,88	9,90	2017-07-25	
Aviva Oszczędnościowy (Aviva SFIO)	99,65	PLN	-0,10	-1,03	-1,08	-0,52	1,03	0,00	2017-07-25	-
AXA Akcji (AXA FIO)	123,87	PLN	0,52	-0,31	0,46	0,23	29,34	4,91	2017-07-26	
AXA Akcji Małych i Średnich Spółek (AXA FIO)	138,66	PLN	0,25	0,46	0,66	3,92	30,95	34,23	2017-07-26	
AXA Akcji Spółek Dywidendowych (AXA FIO)	107,13	PLN	0,39	0,52	0,24	1,22	16,28	-0,23	2017-07-26	
AXA FIZ Globalnych Obligacji	1 222,37	PLN	0,00	0,00	-0,21	1,09	4,35	0,00	2017-07-26	
AXA FIZ Long-Short Global Strategy	977,43	PLN	0,00	0,00	-0,71	-1,40	0,00	0,00	2017-07-26	-
AXA Lokacyjny (AXA FIO)	122,10	PLN	0,00	0,04	0,17	0,64	1,83	5,52	2017-07-26	
AXA Makro Alokacji (AXA FIO)	113,80	PLN	-0,12	-0,32	-0,72	1,77	15,19	-2,13	2017-07-26	
AXA Obligacji (AXA FIO)	132,75	PLN	-0,04	-0,11	-0,12	1,02	0,77	4,86	2017-07-26	
AXA Obligacji Korporacyjnych (AXA FIO)	130,02	PLN	0,02	0,07	0,07	0,47	1,96	4,96	2017-07-26	
AXA Selective Equity (AXA FIO)	157,60	PLN	0,38	0,37	-0,50	3,98	34,57	12,34	2017-07-26	
AXA Selektywny Akcji Polskich (AXA FIO)	131,26	PLN	0,41	-0,23	0,01	0,65	30,30	11,97	2017-07-26	
AXA Stabilnego Wzrostu (AXA FIO)	120,48	PLN	0,10	-0,64	0,13	1,55	9,08	0,48	2017-07-26	
BGŻ BNP Paribas Aktywnego Inwestowania (BGŻ BNP Paribas FIO)	103,03	PLN	0,02	0,02	-0,04	0,46	1,57	0,00	2017-07-26	-
BGŻ BNP Paribas Dynamicznego Inwestowania (BGŻ BNP Paribas FIO)	126,13	PLN	0,51	-0,32	0,43	0,25	28,93	0,00	2017-07-26	
BGŻ BNP Paribas Globalny Dynamicznego Wzrostu (BGŻ BNP Paribas FIO)	118,20	PLN	0,17	0,08	0,60	1,96	13,05	0,00	2017-07-26	
BGŻ BNP Paribas Globalny Stabilnego Wzrostu (BGŻ BNP Paribas FIO)	104,89	PLN	0,10	0,04	0,08	0,85	2,83	0,00	2017-07-26	
BGŻ BNP Paribas Obligacji (BGŻ BNP Paribas FIO)	102,02	PLN	0,00	0,05	0,11	1,07	1,15	0,00	2017-07-26	
BGŻ BNP Paribas Pieniężny (BGŻ BNP Paribas FIO)	102,59	PLN	0,01	0,04	0,22	0,78	2,06	0,00	2017-07-26	
BGŻ BNP Paribas Stabilnego Inwestowania (BGŻ BNP Paribas FIO)	109,48	PLN	0,16	-0,15	0,12	0,69	9,40	0,00	2017-07-26	
BGŻ Konserwatywny (BGŻ SFIO)	107,68	PLN	0,06	0,05	0,25	0,47	2,35	6,49	2017-07-26	-
BGŻ Lokata Kapitału (BGŻ SFIO)	115,03	PLN	0,01	0,05	0,21	0,00	0,00	0,00	2017-07-26	-
BGŻ Małych i Średnich Spółek (BGŻ SFIO)	113,24	PLN	0,29	0,00	0,12	0,00	0,00	0,00	2017-07-26	-
BGŻ Zdywersyfikowanych Aktywów (BGŻ SFIO)	108,79	PLN	0,03	0,14	0,51	0,00	0,00	0,00	2017-07-26	-
BNP Paribas Akcji (BNP Paribas FIO)	158,53	PLN	0,49	-0,29	0,44	0,60	29,33	22,30	2017-07-26	
BNP Paribas Papierów Dłużnych (BNP Paribas FIO)	125,49	PLN	-0,03	-0,04	0,02	0,98	0,19	5,56	2017-07-26	
BNP Paribas Stabilnego Wzrostu (BNP Paribas FIO)	148,14	PLN	0,15	-0,17	0,10	0,58	8,26	7,84	2017-07-26	
Bonus 4 Green House Development FIZ AN	328,19	PLN	0,00	0,00	0,15	0,41	-62,64	0,00	2017-07-26	-
Bonus Wierzytelności 2 Pragma Inkaso NSFIZ	203 407,00	PLN	0,00	0,00	-2,10	-0,76	1,82	0,00	2017-07-26	-
Bonus Wierzytelności 3 Pragma Inkaso NSFIZ	196 094,00	PLN	0,00	0,00	-1,33	0,08	-2,00	0,00	2017-07-26	-
Bonus Wierzytelności DTP NSFIZ	208 495,00	PLN	0,00	0,00	0,25	0,36	4,06	0,00	2017-07-26	-
BPH Akcji (BPH FIO Parasolowy)	320,36	PLN	0,27	-0,38	1,29	0,56	18,81	8,78	2017-07-25	
BPH Akcji Dynamicznych Spółek (BPH FIO Parasolowy)	59,17	PLN	0,31	-0,27	0,87	-0,32	19,08	25,02	2017-07-25	
BPH Akcji Dynamicznych Spółek (USD) (BPH FIO Parasolowy)	16,20	USD	-0,06	-0,43	4,45	6,09	29,39	5,54	2017-07-25	-
BPH Akcji Globalny (BPH FIO Parasolowy)	192,22	PLN	0,65	1,12	-1,40	-0,27	9,02	24,07	2017-07-25	
BPH Akcji Rynków Wschodzących (BPH FIO Parasolowy)	59,95	PLN	0,54	1,03	2,46	1,18	0,00	0,00	2017-07-25	-
BPH Akcji Rynków Wschodzących (EUR) (BPH FIO Parasolowy)	14,09	EUR	0,21	-0,21	1,73	0,71	0,00	0,00	2017-07-25	-
BPH Bezpieczna Inwestycja 1 FIZ	175,61	PLN	0,00	0,00	0,19	0,59	0,41	0,00	2017-07-26	-
BPH Bezpieczna Inwestycja 2 FIZ	148,02	PLN	0,00	0,00	0,10	0,63	0,60	0,00	2017-07-26	-
BPH Bezpieczna Inwestycja 3 FIZ	131,00	PLN	0,00	0,00	-0,03	-0,02	-0,12	0,00	2017-07-26	-
BPH Bezpieczna Inwestycja 4 FIZ	120,59	PLN	0,00	0,00	0,00	0,09	0,33	0,00	2017-07-26	-
BPH Bezpieczna Inwestycja 5 FIZ	120,83	PLN	0,00	0,00	0,05	0,02	-0,38	0,00	2017-07-26	-
BPH Bezpieczna Inwestycja 6 FIZ	112,42	PLN	0,00	0,00	0,08	0,05	-0,19	0,00	2017-07-26	-
BPH Dochodowych Surowców FIZ	113,90	PLN	0,00	0,00	0,04	-0,13	-0,71	0,00	2017-07-26	-
BPH Dywidendowy (BPH FIO Parasolowy)	124,85	PLN	0,37	-0,22	-0,18	0,46	13,46	0,00	2017-07-25	
BPH FIO Strategii Akcyjnej	1 209,26	PLN	-0,02	-0,22	-0,18	1,02	11,32	18,91	2017-07-25	-
BPH FIZ Multi Inwestycja	104,29	PLN	0,00	0,04	-0,12	1,08	11,15	0,00	2017-07-25	-
BPH Globalny Żywności i Surowców (BPH FIO Parasolowy)	97,64	PLN	1,08	0,97	4,57	0,38	5,90	-28,79	2017-07-25	-
BPH Korzystnego Kursu FIZ (w likwidacji)	110,11	PLN	0,00	0,00	0,14	-0,09	-3,00	0,00	2017-07-11	-
BPH Obligacji 1 (BPH FIO Parasolowy)	284,11	PLN	-0,06	-0,08	0,17	0,74	-0,56	3,70	2017-07-25	
BPH Obligacji 2 (BPH FIO Parasolowy)	3 393,53	PLN	-0,07	-0,09	0,20	0,79	-0,23	6,10	2017-07-25	
BPH Obligacji Korporacyjnych (BPH FIO Parasolowy)	14,23	PLN	0,00	0,14	0,28	0,92	2,15	8,38	2017-07-25	
BPH Obligacji Korporacyjnych (USD) (BPH FIO Parasolowy)	3,90	USD	-0,26	0,00	4,00	7,44	11,11	-8,45	2017-07-25	-
BPH Pieniężny (BPH FIO Parasolowy)	106,23	PLN	0,01	0,05	0,27	0,74	1,58	6,15	2017-07-25	
BPH Selektywny (BPH FIO Parasolowy)	161,98	PLN	0,19	0,15	1,02	2,98	8,73	16,57	2017-07-25	-
BPH Skarbowy (BPH FIO Parasolowy)	35,24	PLN	0,00	0,03	0,20	0,60	1,18	3,59	2017-07-25	
BPH Stabilnego Wzrostu (BPH FIO Parasolowy)	17,64	PLN	0,06	-0,17	0,46	0,40	5,69	4,26	2017-07-25	
BPH Superior Akcji (BPH Superior FIO)	119,84	PLN	0,25	-0,09	1,68	2,59	23,18	0,00	2017-07-25	
BPH Superior Obligacji (BPH Superior FIO)	107,58	PLN	-0,08	-0,07	0,30	1,34	2,04	0,00	2017-07-25	
BPH Superior Pieniężny (BPH Superior FIO)	104,38	PLN	0,01	0,04	0,28	0,73	2,15	0,00	2017-07-25	
BPH Superior Rynku Surowców (BPH Superior FIO)	106,44	PLN	1,09	1,04	4,52	0,37	7,18	0,00	2017-07-25	-
BPH Superior Selektywny (BPH Superior FIO)	118,93	PLN	0,17	0,05	0,90	2,67	9,67	0,00	2017-07-25	-
BPH Zrównoważony (BPH FIO Parasolowy)	2,24	PLN	0,45	0,00	0,90	0,45	9,27	2,75	2017-07-25	
BPS Akcji (BPS FIO)	111,94	PLN	0,59	-0,23	0,21	-1,52	23,83	14,92	2017-07-26	
BPS Akcji Polskich (BPS SFIO)	995,22	PLN	0,64	-0,11	0,00	0,00	0,00	0,00	2017-07-26	-
BPS Depozytowy (BPS SFIO)	1 000,07	PLN	0,01	0,02	0,00	0,00	0,00	0,00	2017-07-26	-
BPS Obligacji (BPS FIO)	135,10	PLN	-0,01	-0,10	-0,11	0,87	0,90	7,37	2017-07-26	
BPS Obligacji Korporacyjnych (BPS SFIO)	1 156,79	PLN	0,00	-0,03	0,14	0,73	3,43	10,54	2017-07-26	
BPS Pieniężny (BPS FIO)	133,27	PLN	0,01	-0,09	0,11	0,61	2,70	7,06	2017-07-26	
BPS Płynnościowy (BPS SFIO)	1 134,07	PLN	0,04	-0,23	0,00	0,76	3,29	8,74	2017-07-26	
BPS Stabilnego Wzrostu (BPS FIO)	120,09	PLN	0,17	-0,03	0,25	0,42	9,18	5,63	2017-07-26	
Caspar Akcji Europejskich (Caspar Parasolowy FIO)	173,71	PLN	0,49	0,75	0,74	5,62	37,70	0,00	2017-07-26	
Caspar Akcji Polskich (Caspar Parasolowy FIO)	140,91	PLN	0,59	-0,70	0,32	-4,80	10,34	0,04	2017-07-26	
Caspar Akcji Tureckich (Caspar Parasolowy FIO)	105,77	PLN	0,38	-0,85	0,31	5,02	11,94	15,37	2017-07-26	
Caspar Globalny (Caspar Parasolowy FIO)	106,24	PLN	0,45	0,42	0,81	1,18	9,24	0,00	2017-07-26	
Caspar Ochrony Kapitału (Caspar Parasolowy FIO)	106,78	PLN	-0,03	-0,02	0,13	0,60	1,65	0,00	2017-07-26	
Centauris Windykacji NSFIZ	206 137,00	PLN	0,00	0,00	-1,08	-0,37	0,00	0,00	2017-07-26	-
Conerga greenENERGY FIZ AN (w likwidacji)	-6,59	PLN	0,00	0,00	0,00	-6,93	-84,62	-85,51	2017-07-25	-
Copernicus Absolute Return FIZ	1,03	PLN	0,00	0,00	0,98	0,00	0,00	0,00	2017-07-26	-
Copernicus Akcji (Copernicus FIO)	131,06	PLN	-0,36	-1,50	-2,51	-4,78	7,15	14,37	2017-07-26	
Copernicus Dłużny Skarbowy Plus (Copernicus FIO)	118,95	PLN	-0,05	-0,17	-0,32	0,46	0,62	4,60	2017-07-26	
Copernicus Spółek Wzrostowych (Copernicus FIO)	183,40	PLN	0,02	-0,75	-1,59	-3,70	6,02	13,72	2017-07-26	
CORUM Absolute Return FIZ	14 626,40	PLN	0,00	0,00	0,56	4,08	-0,37	12,97	2017-07-26	-
CORUM Opportunity Absolute Return FIZ	16 752,10	PLN	0,00	0,00	1,72	3,54	3,56	49,39	2017-07-26	-
CP Absolute Return (CP FIZ)	134,65	PLN	0,00	0,00	-1,17	-0,91	8,17	0,00	2017-07-26	-
CP Balanced Equity (CP FIZ)	100,32	PLN	0,00	0,00	-1,05	-2,15	0,00	0,00	2017-07-26	-
CP Private Equity (CP FIZ)	144,68	PLN	0,00	0,00	-1,53	-0,50	9,20	0,00	2017-07-26	-
Credit Agricole Akcji Nowej Europy (Credit Agricole FIO)	99,22	PLN	0,28	0,06	2,15	4,31	29,13	10,51	2017-07-26	
Credit Agricole Akcyjny (Credit Agricole FIO)	133,98	PLN	0,32	0,13	0,33	3,40	34,44	40,59	2017-07-26	
Credit Agricole Dynamiczny Polski (Credit Agricole FIO)	192,83	PLN	0,18	-0,06	0,08	2,29	18,53	19,72	2017-07-26	
Credit Agricole Lokacyjny (Credit Agricole FIO)	129,87	PLN	0,00	0,02	0,10	0,31	0,96	2,07	2017-07-26	
Credit Agricole Stabilnego Wzrostu (Credit Agricole FIO)	248,73	PLN	0,05	-0,09	-0,13	1,77	8,95	14,90	2017-07-26	
DB Fund Dynamiczny (DB Funds FIO)	15,21	PLN	-0,20	-0,85	0,26	1,40	21,39	23,96	2017-07-25	
DB Fund Globalny Zrównoważony (DB Funds FIO)	11,98	PLN	0,25	0,76	-0,08	0,42	0,67	11,13	2017-07-25	-
DB Fund Instrumentów Dłużnych (DB Funds FIO)	11,56	PLN	0,09	0,00	0,09	0,43	-0,26	3,49	2017-07-25	
Distressed Assets FIZ AN	1 526,53	PLN	0,00	0,00	3,41	3,41	11,40	0,00	2017-07-26	-
EPEF 2 FIZ AN	111,95	PLN	0,00	0,00	0,57	1,70	6,99	0,00	2017-07-26	-
EPEF FIZ AN	140,77	PLN	0,00	0,00	0,79	2,41	9,99	33,29	2017-07-26	-
Eques Akcji (Eques SFIO)	16,80	PLN	0,60	-0,47	0,12	-0,30	26,03	23,99	2017-07-26	
Eques Aktywnej Alokacji (Eques SFIO)	12,40	PLN	0,24	-0,48	-0,56	0,08	15,24	11,81	2017-07-26	
Eques Akumulacji Majątku FIZ	1 044,78	PLN	0,00	0,00	1,00	2,70	0,00	0,00	2017-07-26	-
Eques Creditum FIZ NFS	212 032,00	PLN	0,00	0,00	0,33	2,15	8,85	0,00	2017-07-26	-
Eques Debitum 2 FIZ NFS	1 386,58	PLN	0,00	0,00	0,64	1,92	7,64	0,00	2017-07-26	-
Eques Debitum FIZ NFS	315 200,00	PLN	0,00	0,00	0,57	1,90	7,81	0,00	2017-07-26	-
Eques Fotovoltaica FIZ	1 133,28	PLN	0,00	0,00	0,81	5,64	14,00	0,00	2017-07-26	-
Eques Hipoteczny FIZ	1 051,79	PLN	0,00	0,00	0,77	1,98	0,00	0,00	2017-07-26	-
Eques Obligacji (Eques SFIO)	12,24	PLN	0,00	0,00	0,00	0,82	2,26	6,43	2017-07-26	
Eques Pieniężny (Eques SFIO)	11,99	PLN	0,00	0,08	0,17	0,33	2,39	7,25	2017-07-26	
Eques Total Return FIZ	1 109,97	PLN	0,00	0,00	-0,23	0,82	27,21	0,00	2017-07-26	-
Esaliens Akcji (Esaliens Parasol FIO) (dawniej Legg Mason)	400,25	PLN	0,56	0,47	0,61	2,24	22,33	5,25	2017-07-26	
Esaliens Akcji Azjatyckich (Esaliens Parasol Zagraniczny SFIO) (dawniej Legg Mason)	121,62	PLN	0,21	0,21	2,31	5,31	11,54	0,00	2017-07-26	
Esaliens Akcji Skoncentrowany FIZ (dawniej Legg Mason)	1 467,02	PLN	0,00	0,00	0,77	2,07	9,82	0,00	2017-07-25	
Esaliens Amerykańskich Spółek Wzrostowych (Esaliens Parasol Zagraniczny SFIO) (dawniej Legg Mason)	110,45	PLN	0,16	0,05	2,41	1,83	13,14	0,00	2017-07-26	
Esaliens CEE Select (Esaliens Parasol FIO) (dawniej Legg Mason)	120,06	PLN	0,13	0,92	2,93	5,46	20,36	0,00	2017-07-26	
Esaliens Europejskich Spółek Dywidendowych (Esaliens Parasol Zagraniczny SFIO) (dawniej Legg Mason)	103,52	PLN	0,34	-0,99	-1,73	0,23	0,00	0,00	2017-07-26	-
Esaliens Globalnych Papierów Dłużnych (Esaliens Parasol Zagraniczny SFIO) (dawniej Legg Mason)	111,58	PLN	0,18	0,08	0,52	1,84	5,58	0,00	2017-07-26	
Esaliens Globalnych Zasobów (Esaliens Parasol Zagraniczny SFIO) (dawniej Legg Mason)	103,73	PLN	1,26	1,09	2,77	-3,10	0,00	0,00	2017-07-26	-
Esaliens Makrostrategii Papierów Dłużnych (Esaliens Parasol Zagraniczny SFIO) (dawniej Legg Mason)	99,37	PLN	-0,25	0,00	0,00	0,00	0,00	0,00	2017-07-25	-
Esaliens Małych Spółek Amerykańskich (Esaliens Parasol Zagraniczny SFIO) (dawniej Legg Mason)	117,33	PLN	-0,40	-0,17	1,37	-0,77	13,72	0,00	2017-07-26	
Esaliens Obligacji (Esaliens Parasol FIO) (dawniej Legg Mason)	280,47	PLN	-0,07	-0,14	-0,01	1,15	-0,36	3,67	2017-07-26	
Esaliens Okazji Rynkowych (Esaliens Parasol Zagraniczny SFIO) (dawniej Legg Mason)	105,90	PLN	0,16	0,86	0,64	8,16	24,90	0,00	2017-07-26	
Esaliens Okazji Rynkowych FIZ (dawniej Legg Mason)	1 271,89	PLN	0,00	0,00	-0,04	3,09	14,16	0,00	2017-07-25	-
Esaliens Pieniężny (Esaliens Parasol FIO) (dawniej Legg Mason)	268,30	PLN	0,02	0,02	0,19	0,61	1,63	4,85	2017-07-26	
Esaliens Senior FIO (dawniej Legg Mason)	292,28	PLN	0,10	0,07	0,02	0,47	4,58	0,79	2017-07-26	
Esaliens Stabilny (Esaliens Parasol FIO) (dawniej Legg Mason)	102,87	PLN	0,12	0,04	0,12	0,71	5,07	0,00	2017-07-26	
Esaliens Strateg (Esaliens Parasol FIO) (dawniej Legg Mason)	221,99	PLN	0,27	-0,33	-0,07	0,35	4,75	-10,37	2017-07-26	
Eurogeddon (Opera SFIO)	5,26	PLN	0,00	-0,19	-0,57	-2,05	-14,75	1,15	2017-07-25	-
Excalibur FIZ	1 217,21	PLN	0,00	0,00	-0,66	-1,82	0,00	0,00	2017-07-26	-
FIAR Fixed Income Absolute Return FIZ	1 067,54	PLN	0,00	0,00	2,02	0,83	2,45	0,00	2017-07-26	-
First Private Equity FIZ AN	1 218,55	PLN	0,00	0,00	1,80	1,80	-6,65	0,00	2017-07-26	-
FIZ BDM Obligo	1 107,43	PLN	0,00	0,00	1,00	1,00	3,06	0,00	2017-07-26	-
FIZ Dywidend	988,30	PLN	0,00	0,00	0,21	-0,28	-3,03	0,00	2017-07-26	-
FIZ Metali Szlachetnych	939,54	PLN	0,00	0,00	-2,58	-6,39	0,00	0,00	2017-07-25	-
FIZ Nieruchomości Dywidendowych	98,09	PLN	0,00	0,00	-2,17	-2,07	-5,25	0,00	2017-07-26	-
Franklin Elastycznego Dochodu (FT FIO)	103,54	PLN	-0,06	-0,14	0,07	1,08	2,05	0,00	2017-07-25	
Franklin Zdywersyfikowany Akcji (FT FIO)	125,48	PLN	0,63	0,09	3,11	3,30	22,19	0,00	2017-07-25	
Franklin Zmiennej Alokacji (FT FIO)	104,00	PLN	0,18	0,33	-0,13	0,21	1,13	0,00	2017-07-25	
Fundusz Własności Pracowniczej PKP SFIO	381,03	PLN	0,12	0,07	0,88	1,39	10,15	86,70	2017-07-26	-
FWR Selektywny FIZ	109,36	PLN	0,00	0,00	-0,36	0,33	5,34	9,37	2017-07-26	-
GetBack Windykacji NSFIZ	195 713,00	PLN	0,00	0,00	-0,40	3,05	0,91	0,00	2017-07-26	-
Global Bond FIZ	109,72	PLN	0,00	0,00	0,33	1,48	5,23	0,00	2017-07-26	-
Globalny Fundusz Medyczny FIZ	90,66	PLN	0,00	0,00	1,55	4,66	-0,56	0,00	2017-07-26	-
GO FUND Property FIZ	1,17	PLN	0,00	0,00	0,00	0,00	11,43	0,00	2017-06-29	-
ING BSK Indeks MSCI EMU (ING BSK Fundusze Indeksowe SFIO)	108,31	PLN	0,50	-0,45	-1,63	-0,10	20,61	0,00	2017-07-26	
ING BSK Indeks S&P; 500 (ING BSK Fundusze Indeksowe SFIO)	116,65	PLN	0,28	0,62	1,41	3,47	13,44	0,00	2017-07-26	
ING BSK Indeks WIG 20 (ING BSK Fundusze Indeksowe SFIO)	117,45	PLN	0,27	-0,81	1,61	-0,14	28,22	0,00	2017-07-26	
ING Pakiet Dynamiczny (ING Konto Funduszowe SFIO)	105,69	PLN	0,08	-0,09	-0,09	0,72	11,53	0,00	2017-07-25	-
ING Pakiet Ostrożny (ING Konto Funduszowe SFIO)	103,37	PLN	0,07	0,13	0,22	0,91	2,08	0,00	2017-07-25	
ING Pakiet Umiarkowany (ING Konto Funduszowe SFIO)	102,47	PLN	0,19	0,17	0,02	0,52	6,11	0,00	2017-07-25	
InMedica FIZ	88,84	PLN	0,00	0,00	-1,51	-1,51	-15,58	0,00	2017-07-26	-
InProperty FIZ	99,50	PLN	0,00	0,00	-7,98	-7,98	-7,96	0,00	2017-07-26	-
InReturn FIZ	162,19	PLN	0,00	0,00	-0,79	-4,53	17,36	0,00	2017-07-26	-
InSecura Plus FIZ	116,08	PLN	0,00	0,00	-0,06	0,23	2,30	0,00	2017-07-26	-
Insignis FIZ	1 298,81	PLN	0,00	0,00	-1,74	-1,27	11,44	0,00	2017-07-26	-
InValue FIZ	98,21	PLN	0,00	0,00	-0,30	0,62	17,70	0,00	2017-07-26	-
InValue Multi-Asset FIZ	100,87	PLN	0,00	0,00	-0,42	0,00	0,00	0,00	2017-07-26	-
Inventum Premium SFIO (w likwidacji)	-8,58	PLN	0,00	0,00	0,00	0,00	-96,72	0,00	2017-07-26	-
Investor Absolute Return FIZ	12 369,20	PLN	0,00	0,00	-1,00	0,66	4,80	0,00	2017-07-26	-
Investor Akcji (Investor FIO)	295,17	PLN	0,32	0,56	0,33	6,34	32,46	0,00	2017-07-26	
Investor Akcji Rynków Wschodzących (Investor SFIO)	84,63	PLN	0,18	-0,60	0,46	-1,01	4,44	0,00	2017-07-26	
Investor Akcji Spółek Dywidendowych (Investor FIO)	420,78	PLN	0,47	0,21	-0,05	5,04	31,58	11,04	2017-07-26	
Investor Akcji Spółek Wzrostowych (Investor SFIO)	121,20	PLN	0,33	0,77	1,52	7,18	28,77	0,00	2017-07-26	
Investor Ameryka Łacińska (Investor SFIO)	148,42	PLN	0,30	0,82	2,76	-7,46	-5,85	-11,58	2017-07-26	-
Investor Bezpiecznego Wzrostu (Investor SFIO)	94,69	PLN	0,01	0,08	0,24	0,71	0,00	0,00	2017-07-26	-
Investor BRIC (Investor SFIO)	76,58	PLN	0,62	-0,94	1,14	-0,26	12,90	13,91	2017-07-26	-
Investor CEE FIZ	523,31	PLN	0,00	0,00	0,38	-1,48	17,23	0,00	2017-07-26	
Investor FIZ	922,53	PLN	0,00	0,00	-0,68	-0,51	-0,72	0,00	2017-07-26	-
Investor Gold FIZ	1 464,75	PLN	0,00	0,00	-3,17	-2,14	-12,14	0,00	2017-07-26	-
Investor Gold Otwarty (Investor SFIO)	143,73	PLN	-0,03	-0,11	-1,70	-3,70	-11,23	-0,47	2017-07-26	-
Investor Gold Plus FIZ	8 652,41	PLN	0,00	0,00	-3,03	-2,32	-13,42	0,00	2017-07-26	-
Investor Gotówkowy (Investor SFIO)	132,06	PLN	0,01	0,01	0,20	0,72	1,68	3,89	2017-07-26	
Investor Indie i Chiny (Investor SFIO)	229,99	PLN	0,45	0,48	2,05	2,00	11,54	27,30	2017-07-26	
Investor Niemcy (Investor SFIO)	219,31	PLN	-0,25	-1,79	-4,08	0,01	18,89	0,00	2017-07-26	
Investor Nowych Technologii (Investor SFIO)	107,25	PLN	0,05	0,00	1,07	6,90	33,21	56,48	2017-07-26	-
Investor Obligacji (Investor FIO)	322,56	PLN	-0,04	-0,02	0,11	1,24	2,24	8,51	2017-07-26	
Investor Obligacji Korporacyjnych (Investor SFIO)	101,75	PLN	-0,04	0,10	0,22	0,41	1,54	0,00	2017-07-26	
Investor Obligacji Rynków Wschodzących Plus (Investor SFIO)	99,08	PLN	0,06	-0,08	-0,11	0,51	-0,75	0,00	2017-07-26	-
Investor Property FIZ AN	762,21	PLN	0,00	0,00	-0,44	-0,44	-3,93	0,00	2017-07-26	-
Investor Płynna Lokata (Investor FIO)	245,30	PLN	0,01	0,04	0,21	0,80	2,69	7,14	2017-07-26	
Investor Rosja (Investor SFIO)	128,50	PLN	0,64	-0,85	1,60	-11,17	4,61	-2,17	2017-07-26	-
Investor Sektora Nieruchomości i Budownictwa (Investor SFIO)	76,27	PLN	0,79	-0,74	-3,88	-4,54	-9,05	21,49	2017-07-26	-
Investor Top 25 Małych Spółek (Investor FIO)	292,18	PLN	0,03	-0,27	-1,96	0,32	22,77	26,20	2017-07-26	
Investor Top 50 Małych i Średnich Spółek (Investor FIO)	54,37	PLN	0,28	0,39	-0,91	3,33	18,09	9,84	2017-07-26	
Investor Top Hedge Funds FIZ	10 020,20	PLN	0,00	0,00	-0,11	0,54	1,26	2,91	2017-07-26	-
Investor Turcja (Investor SFIO)	181,66	PLN	0,20	-0,61	2,65	8,23	13,23	-8,04	2017-07-26	
Investor Zabezpieczenia Emerytalnego (Investor FIO)	33,13	PLN	0,09	0,27	0,76	3,95	13,85	25,87	2017-07-26	
Investor Zrównoważony (Investor FIO)	546,18	PLN	0,11	0,50	1,17	6,95	23,67	42,47	2017-07-26	
Inwestycje Rolne FIZ AN	1 408,59	PLN	0,00	0,00	-2,76	-2,88	-4,18	12,82	2017-07-26	-
Inwestycje Selektywne FIZ AN	1 173,85	PLN	0,00	0,00	0,08	-7,61	-31,63	-21,26	2017-07-26	-
Ipopema Akcji (Ipopema SFIO)	149,56	PLN	0,63	-0,41	0,58	-0,15	23,50	17,94	2017-07-26	
Ipopema Dłużny (Ipopema SFIO)	109,24	PLN	-0,02	-0,05	0,17	1,73	1,57	0,00	2017-07-26	
Ipopema Emerytura Plus (Ipopema SFIO)	136,66	PLN	-0,01	0,53	0,00	0,00	0,00	0,00	2017-07-26	-
Ipopema Global Bonds FIZ	112,48	PLN	0,00	0,00	0,26	0,94	1,95	0,00	2017-07-26	-
Ipopema Global Macro FIZ	121,39	PLN	0,00	0,00	0,21	0,76	6,41	8,68	2017-07-26	-
Ipopema Global Profit Absolute Return FIZ	107,14	PLN	0,00	0,00	0,40	1,01	0,00	0,00	2017-07-26	-
Ipopema Globalnych Megatrendów (Ipopema SFIO)	135,63	PLN	0,69	0,62	1,66	8,14	34,54	0,00	2017-07-26	
Ipopema Gotówkowy (Ipopema SFIO)	112,83	PLN	0,01	0,02	0,12	0,53	2,37	6,25	2017-07-26	
Ipopema m-INDEKS (Ipopema SFIO)	135,70	PLN	0,15	0,70	1,69	3,70	46,45	0,00	2017-06-29	-
Ipopema m-INDEKS B (Ipopema SFIO)	134,13	PLN	0,14	0,69	1,63	3,57	45,71	0,00	2017-06-29	-
Ipopema m-INDEKS FIO kategoria A	196,40	PLN	0,37	0,57	0,46	2,46	35,70	44,65	2017-07-26	
Ipopema Makro Alokacji (Ipopema SFIO)	126,45	PLN	0,12	-0,07	0,42	1,38	3,55	4,87	2017-07-26	-
Ipopema Małych i Średnich Spółek (Ipopema SFIO)	163,96	PLN	0,60	-0,43	-0,98	-0,74	12,43	23,49	2017-07-26	
Ipopema MegaTrends FIZ	116,28	PLN	0,00	0,00	-0,09	4,34	24,90	0,00	2017-07-26	
Ipopema Obligacji (Ipopema SFIO)	128,90	PLN	-0,01	-0,05	0,34	1,17	1,94	8,38	2017-07-26	
Ipopema Opportunity FIZ	10 002,30	PLN	0,00	0,00	1,29	1,88	7,15	0,00	2017-07-26	-
Ipopema Short Equity (Ipopema SFIO)	83,34	PLN	-0,58	1,35	-0,90	-0,17	-28,18	-16,25	2017-07-26	-
JPMorgan - Emerging Markets Opportunities Fund Polska (Skarbiec - JPM AM Funds Polska SFIO)	129,94	PLN	-0,21	1,70	3,27	7,03	19,16	20,81	2017-07-25	
JPMorgan - Europe Strategic Dividend Fund Polska (Skarbiec - JPM AM Funds Polska SFIO)	117,22	PLN	0,59	0,07	0,34	1,74	15,59	0,00	2017-07-25	
JPMorgan - Global Healthcare Fund Polska (Skarbiec - JPM AM Funds Polska SFIO)	115,32	PLN	0,47	1,95	0,28	6,05	10,04	0,00	2017-07-25	-
JPMorgan - Global High Yield Bond Fund Polska (Skarbiec - JPM AM Funds Polska SFIO)	118,15	PLN	-0,01	0,23	1,16	2,14	7,89	12,27	2017-07-25	
JPMorgan - Global Income Fund Polska (Skarbiec - JPM AM Funds Polska SFIO)	112,08	PLN	0,06	0,21	0,39	1,53	7,43	0,00	2017-07-25	
JPMorgan - Global Macro Opportunities Fund Polska (Skarbiec - JPM AM Funds Polska SFIO)	102,05	PLN	-0,05	0,42	2,43	7,86	-0,88	0,00	2017-07-25	
JPMorgan - Global Strategic Bond Fund Polska (Skarbiec - JPM AM Funds Polska SFIO)	108,89	PLN	0,03	0,15	0,76	0,84	2,45	5,37	2017-07-25	
JPMorgan - Highbridge US STEEP Fund Polska (Skarbiec - JPM AM Funds Polska SFIO)	122,13	PLN	0,33	0,66	1,77	1,98	6,90	10,34	2017-07-25	
KBC Akcji Małych i Średnich Spółek (KBC FIO)	96,79	PLN	0,25	-0,18	-0,19	1,73	22,09	29,29	2017-07-25	
KBC Akcyjny (KBC FIO)	99,03	PLN	0,43	-0,50	0,71	1,07	25,09	16,96	2017-07-25	
KBC Aktywny (KBC FIO)	216,62	PLN	0,21	-0,34	-0,03	-0,27	12,16	8,27	2017-07-25	
KBC Alfa SFIO	2,87	PLN	0,00	0,00	-0,35	0,70	2,87	10,38	2017-07-25	
KBC Alokacji Sektorowych FIZ	116,00	PLN	0,00	0,00	-1,28	-0,44	15,86	0,00	2017-07-26	-
KBC Delta (KBC Biznes SFIO)	131,56	PLN	0,05	-0,11	-0,50	-0,24	-0,56	7,19	2017-07-25	
KBC Gamma (KBC Biznes SFIO)	248,11	PLN	0,10	0,13	0,25	0,69	3,41	9,56	2017-07-25	
KBC Globalny Akcyjny (KBC FIO)	137,25	PLN	-0,11	0,16	-0,83	-1,07	5,99	16,50	2017-07-25	
KBC Globalny Obligacyjny (KBC FIO)	106,81	PLN	0,05	0,61	-1,95	-2,73	0,00	0,00	2017-07-25	-
KBC Globalny Ochrony 90 Listopad (KBC FIO)	98,48	PLN	-0,02	-0,69	-1,20	0,73	5,28	0,00	2017-07-11	-
KBC Negative Duration FIZ	1 016,53	PLN	0,00	0,00	1,20	1,65	0,00	0,00	2017-07-26	-
KBC Obligacji Korporacyjnych (KBC FIO)	134,87	PLN	0,13	0,24	-0,29	0,16	2,80	0,00	2017-07-25	
KBC Obligacji Korporacyjnych Plus (KBC FIO)	98,43	PLN	0,01	-0,04	0,00	0,00	0,00	0,00	2017-07-25	-
KBC Papierów Dłużnych (KBC FIO)	234,97	PLN	0,12	0,14	0,40	0,89	2,83	9,66	2017-07-25	
KBC Pieniężny (KBC FIO)	186,51	PLN	0,06	0,10	0,33	0,77	2,91	7,65	2017-07-25	
KBC Portfel Akcji Średnich Spółek (KBC Portfel VIP SFIO)	109,43	PLN	0,19	-0,30	-0,26	0,89	29,14	41,86	2017-07-25	
KBC Portfel Akcyjny (KBC Portfel VIP SFIO)	84,38	PLN	0,49	-0,57	0,61	-0,25	20,66	3,60	2017-07-25	
KBC Portfel Obligacyjny (KBC Portfel VIP SFIO)	174,70	PLN	0,05	0,04	-0,19	0,52	2,48	13,40	2017-07-25	
KBC Portfel Pieniężny (KBC Portfel VIP SFIO)	165,31	PLN	0,08	0,08	0,07	0,63	3,51	10,15	2017-07-25	
KBC Sigma Obligacji Plus (KBC Biznes SFIO)	103,31	PLN	0,05	-0,02	0,10	0,67	3,12	0,00	2017-07-25	-
KBC Stabilny (KBC FIO)	258,11	PLN	-0,00	-0,31	-0,14	0,11	8,72	11,78	2017-07-25	
Kompleksowe Rewitalizacje i Odbudowa Polskich Kamienic FIZ AN	113,29	PLN	0,00	0,00	1,57	1,57	6,59	0,00	2017-07-26	-
Lasy Polskie FIZ AN	996,38	PLN	0,00	0,00	2,57	3,21	3,32	0,00	2017-07-26	-
Macro FIZ	115,70	PLN	0,00	0,00	1,10	2,43	7,65	0,00	2017-07-26	-
mBank mFundusz Obligacji SFIO	162,97	PLN	-0,02	-0,01	0,31	0,94	0,00	0,00	2017-07-25	-
MCI.CreditVentures 2.0 FIZ seria M	7,80	PLN	0,00	0,00	1,43	1,96	0,00	0,00	2017-07-26	-
MCI.CreditVentures 2.0 FIZ seria N	7,81	PLN	0,00	0,00	1,30	1,83	0,00	0,00	2017-07-26	-
MCI.CreditVentures 2.0 FIZ seria P	7,86	PLN	0,00	0,00	1,42	1,81	0,00	0,00	2017-07-26	-
MCI.CreditVentures 2.0 FIZ seria S	7,84	PLN	0,00	0,00	0,00	0,00	0,00	0,00	2017-07-26	-
MCI.EuroVentures 1.0. seria A (MCI.PrivateVentures FIZ)	44 940,70	PLN	0,00	0,00	4,53	5,15	-3,99	0,00	2017-07-26	-
MCI.EuroVentures 1.0. seria A1 (MCI.PrivateVentures FIZ)	44 822,30	PLN	0,00	0,00	4,31	4,71	-6,01	0,00	2017-07-26	-
MCI.EuroVentures 1.0. seria B (MCI.PrivateVentures FIZ)	44 290,00	PLN	0,00	0,00	4,48	4,99	-4,89	11,80	2017-07-26	-
MCI.EuroVentures 1.0. seria B1 (MCI.PrivateVentures FIZ)	43 605,10	PLN	0,00	0,00	4,31	4,58	-6,19	0,00	2017-07-26	-
MCI.EuroVentures 1.0. seria C (MCI.PrivateVentures FIZ)	44 290,00	PLN	0,00	0,00	4,48	4,99	-4,89	11,80	2017-07-26	-
MCI.EuroVentures 1.0. seria C1 (MCI.PrivateVentures FIZ)	44 672,70	PLN	0,00	0,00	4,31	4,71	-6,01	0,00	2017-07-26	-
MCI.EuroVentures 1.0. seria D (MCI.PrivateVentures FIZ)	44 290,00	PLN	0,00	0,00	4,48	4,99	-4,89	11,80	2017-07-26	-
MCI.EuroVentures 1.0. seria D1 (MCI.PrivateVentures FIZ)	45 342,40	PLN	0,00	0,00	4,31	4,71	-6,01	0,00	2017-07-26	-
MCI.EuroVentures 1.0. seria E1 (MCI.PrivateVentures FIZ)	45 116,40	PLN	0,00	0,00	4,31	4,71	-6,01	0,00	2017-07-26	-
MCI.EuroVentures 1.0. seria F1 (MCI.PrivateVentures FIZ)	47 796,30	PLN	0,00	0,00	4,31	4,71	0,00	0,00	2017-07-26	-
MCI.EuroVentures 1.0. seria G1 (MCI.PrivateVentures FIZ)	49 734,80	PLN	0,00	0,00	4,31	4,71	0,00	0,00	2017-07-26	-
MCI.EuroVentures 1.0. seria H1 (MCI.PrivateVentures FIZ)	49 372,80	PLN	0,00	0,00	4,31	4,71	0,00	0,00	2017-07-26	-
MCI.EuroVentures 1.0. seria J (MCI.PrivateVentures FIZ)	44 251,40	PLN	0,00	0,00	4,48	4,99	-4,89	0,00	2017-07-26	-
MCI.EuroVentures 1.0. seria J1 (MCI.PrivateVentures FIZ)	50 651,50	PLN	0,00	0,00	4,06	4,46	0,00	0,00	2017-07-26	-
MCI.EuroVentures 1.0. seria K (MCI.PrivateVentures FIZ)	44 071,60	PLN	0,00	0,00	4,48	4,99	-4,89	0,00	2017-07-26	-
MCI.EuroVentures 1.0. seria L (MCI.PrivateVentures FIZ)	43 287,40	PLN	0,00	0,00	4,48	4,99	-4,89	0,00	2017-07-26	-
MCI.EuroVentures 1.0. seria M (MCI.PrivateVentures FIZ)	44 300,50	PLN	0,00	0,00	4,48	4,99	-4,89	0,00	2017-07-26	-
MCI.EuroVentures 1.0. seria N (MCI.PrivateVentures FIZ)	43 943,00	PLN	0,00	0,00	4,48	4,97	-4,93	0,00	2017-07-26	-
MCI.EuroVentures 1.0. seria O (MCI.PrivateVentures FIZ)	43 919,10	PLN	0,00	0,00	4,48	4,97	-4,90	0,00	2017-07-26	-
MCI.EuroVentures 1.0. seria P (MCI.PrivateVentures FIZ)	44 658,50	PLN	0,00	0,00	4,48	4,98	-4,95	0,00	2017-07-26	-
MCI.EuroVentures 1.0. seria R (MCI.PrivateVentures FIZ)	45 040,10	PLN	0,00	0,00	4,31	4,67	-6,08	0,00	2017-07-26	-
MCI.EuroVentures 1.0. seria S (MCI.PrivateVentures FIZ)	44 397,70	PLN	0,00	0,00	4,31	4,41	-6,40	0,00	2017-07-26	-
MCI.EuroVentures 1.0. seria T (MCI.PrivateVentures FIZ)	42 845,80	PLN	0,00	0,00	4,31	4,64	-6,09	0,00	2017-07-26	-
MCI.EuroVentures 1.0. seria U (MCI.PrivateVentures FIZ)	44 452,80	PLN	0,00	0,00	4,31	4,71	-6,01	0,00	2017-07-26	-
MCI.EuroVentures 1.0. seria W (MCI.PrivateVentures FIZ)	43 964,40	PLN	0,00	0,00	4,31	4,71	-6,05	0,00	2017-07-26	-
MCI.EuroVentures 1.0. seria Y (MCI.PrivateVentures FIZ)	44 755,60	PLN	0,00	0,00	4,31	4,71	-6,01	0,00	2017-07-26	-
MCI.EuroVentures 1.0. seria Z (MCI.PrivateVentures FIZ)	44 143,30	PLN	0,00	0,00	4,31	4,71	-6,01	0,00	2017-07-26	-
MCI.TechVentures 1.0. seria A (MCI.PrivateVentures FIZ)	214,19	PLN	0,00	0,00	2,28	1,65	-3,08	0,00	2017-07-26	-
MCI.TechVentures 1.0. seria A1 (MCI.PrivateVentures FIZ)	174,95	PLN	0,00	0,00	1,30	1,04	-1,16	0,00	2017-07-26	-
MCI.TechVentures 1.0. seria A2 (MCI.PrivateVentures FIZ)	242,42	PLN	0,00	0,00	2,21	1,53	0,00	0,00	2017-07-26	-
MCI.TechVentures 1.0. seria B1 (MCI.PrivateVentures FIZ)	228,40	PLN	0,00	0,00	2,21	1,52	-4,00	0,00	2017-07-26	-
MCI.TechVentures 1.0. seria B2 (MCI.PrivateVentures FIZ)	245,36	PLN	0,00	0,00	2,21	1,53	0,00	0,00	2017-07-26	-
MCI.TechVentures 1.0. seria C1 (MCI.PrivateVentures FIZ)	230,86	PLN	0,00	0,00	2,21	1,53	-3,98	0,00	2017-07-26	-
MCI.TechVentures 1.0. seria C2 (MCI.PrivateVentures FIZ)	244,08	PLN	0,00	0,00	2,21	1,53	0,00	0,00	2017-07-26	-
MCI.TechVentures 1.0. seria D1 (MCI.PrivateVentures FIZ)	231,67	PLN	0,00	0,00	2,21	1,53	-4,05	0,00	2017-07-26	-
MCI.TechVentures 1.0. seria D2 (MCI.PrivateVentures FIZ)	243,11	PLN	0,00	0,00	2,21	1,53	0,00	0,00	2017-07-26	-
MCI.TechVentures 1.0. seria E (MCI.PrivateVentures FIZ)	212,22	PLN	0,00	0,00	2,28	1,66	-3,51	0,00	2017-07-26	-
MCI.TechVentures 1.0. seria E2 (MCI.PrivateVentures FIZ)	261,30	PLN	0,00	0,00	2,21	1,53	0,00	0,00	2017-07-26	-
MCI.TechVentures 1.0. seria F1 (MCI.PrivateVentures FIZ)	235,85	PLN	0,00	0,00	2,21	1,53	-4,03	0,00	2017-07-26	-
MCI.TechVentures 1.0. seria F2 (MCI.PrivateVentures FIZ)	256,11	PLN	0,00	0,00	2,21	1,53	0,00	0,00	2017-07-26	-
MCI.TechVentures 1.0. seria G1 (MCI.PrivateVentures FIZ)	234,42	PLN	0,00	0,00	2,21	1,52	-4,01	0,00	2017-07-26	-
MCI.TechVentures 1.0. seria H1 (MCI.PrivateVentures FIZ)	237,10	PLN	0,00	0,00	2,21	1,53	-4,02	0,00	2017-07-26	-
MCI.TechVentures 1.0. seria I (MCI.PrivateVentures FIZ)	197,93	PLN	0,00	0,00	2,21	1,52	-3,98	0,00	2017-07-26	-
MCI.TechVentures 1.0. seria I1 (MCI.PrivateVentures FIZ)	238,74	PLN	0,00	0,00	2,21	1,53	-4,02	0,00	2017-07-26	-
MCI.TechVentures 1.0. seria J (MCI.PrivateVentures FIZ)	214,77	PLN	0,00	0,00	2,25	1,59	-3,74	0,00	2017-07-26	-
MCI.TechVentures 1.0. seria J1 (MCI.PrivateVentures FIZ)	238,95	PLN	0,00	0,00	2,21	1,53	-3,99	0,00	2017-07-26	-
MCI.TechVentures 1.0. seria K (MCI.PrivateVentures FIZ)	178,78	PLN	0,00	0,00	2,21	1,53	-3,98	0,00	2017-07-26	-
MCI.TechVentures 1.0. seria K1 (MCI.PrivateVentures FIZ)	240,61	PLN	0,00	0,00	2,21	1,52	-4,06	0,00	2017-07-26	-
MCI.TechVentures 1.0. seria L (MCI.PrivateVentures FIZ)	201,45	PLN	0,00	0,00	2,21	1,53	-3,98	0,00	2017-07-26	-
MCI.TechVentures 1.0. seria L1 (MCI.PrivateVentures FIZ)	240,43	PLN	0,00	0,00	2,21	1,52	-4,00	0,00	2017-07-26	-
MCI.TechVentures 1.0. seria M (MCI.PrivateVentures FIZ)	203,72	PLN	0,00	0,00	2,25	1,59	-3,75	0,00	2017-07-26	-
MCI.TechVentures 1.0. seria M1 (MCI.PrivateVentures FIZ)	239,99	PLN	0,00	0,00	2,21	1,53	-4,00	0,00	2017-07-26	-
MCI.TechVentures 1.0. seria N (MCI.PrivateVentures FIZ)	221,41	PLN	0,00	0,00	2,22	1,53	-4,01	0,00	2017-07-26	-
MCI.TechVentures 1.0. seria N1 (MCI.PrivateVentures FIZ)	240,38	PLN	0,00	0,00	2,21	1,52	-4,02	0,00	2017-07-26	-
MCI.TechVentures 1.0. seria O (MCI.PrivateVentures FIZ)	223,56	PLN	0,00	0,00	2,28	1,65	-3,51	0,00	2017-07-26	-
MCI.TechVentures 1.0. seria O1 (MCI.PrivateVentures FIZ)	240,43	PLN	0,00	0,00	2,21	1,53	-4,00	0,00	2017-07-26	-
MCI.TechVentures 1.0. seria P (MCI.PrivateVentures FIZ)	235,23	PLN	0,00	0,00	2,28	1,65	-3,51	0,00	2017-07-26	-
MCI.TechVentures 1.0. seria P1 (MCI.PrivateVentures FIZ)	239,59	PLN	0,00	0,00	2,21	1,53	-3,99	0,00	2017-07-26	-
MCI.TechVentures 1.0. seria R (MCI.PrivateVentures FIZ)	232,29	PLN	0,00	0,00	2,28	1,65	-3,58	0,00	2017-07-26	-
MCI.TechVentures 1.0. seria R1 (MCI.PrivateVentures FIZ)	237,19	PLN	0,00	0,00	2,21	1,53	-4,01	0,00	2017-07-26	-
MCI.TechVentures 1.0. seria S (MCI.PrivateVentures FIZ)	232,39	PLN	0,00	0,00	2,28	1,65	-3,62	0,00	2017-07-26	-
MCI.TechVentures 1.0. seria S1 (MCI.PrivateVentures FIZ)	242,48	PLN	0,00	0,00	2,21	1,53	-3,98	0,00	2017-07-26	-
MCI.TechVentures 1.0. seria T (MCI.PrivateVentures FIZ)	226,17	PLN	0,00	0,00	2,21	1,53	-3,99	0,00	2017-07-26	-
MCI.TechVentures 1.0. seria T1 (MCI.PrivateVentures FIZ)	242,46	PLN	0,00	0,00	2,21	1,52	-3,98	0,00	2017-07-26	-
MCI.TechVentures 1.0. seria U (MCI.PrivateVentures FIZ)	227,78	PLN	0,00	0,00	2,21	1,53	-4,04	0,00	2017-07-26	-
MCI.TechVentures 1.0. seria U1 (MCI.PrivateVentures FIZ)	239,51	PLN	0,00	0,00	2,21	1,53	-3,98	0,00	2017-07-26	-
MCI.TechVentures 1.0. seria W (MCI.PrivateVentures FIZ)	225,19	PLN	0,00	0,00	2,21	1,53	-4,07	0,00	2017-07-26	-
MCI.TechVentures 1.0. seria W1 (MCI.PrivateVentures FIZ)	242,93	PLN	0,00	0,00	2,21	1,53	-4,00	0,00	2017-07-26	-
MCI.TechVentures 1.0. seria Y (MCI.PrivateVentures FIZ)	223,12	PLN	0,00	0,00	2,21	1,52	-4,03	0,00	2017-07-26	-
MCI.TechVentures 1.0. seria Y1 (MCI.PrivateVentures FIZ)	242,48	PLN	0,00	0,00	2,21	1,53	-3,98	0,00	2017-07-26	-
MCI.TechVentures 1.0. seria Z (MCI.PrivateVentures FIZ)	228,66	PLN	0,00	0,00	2,21	1,53	-4,07	0,00	2017-07-26	-
MCI.TechVentures 1.0. seria Z1 (MCI.PrivateVentures FIZ)	242,85	PLN	0,00	0,00	2,21	1,53	0,00	0,00	2017-07-26	-
Medyczny Publiczny FIZ	99,62	PLN	0,00	0,00	2,38	3,61	0,43	0,00	2017-07-26	-
Mera FIZ AN	128,07	PLN	0,00	0,00	0,56	1,71	6,99	26,16	2017-07-26	-
MetLife Akcji (Krajowy FIO)	17,72	PLN	0,51	-0,51	0,62	0,17	28,13	8,71	2017-07-26	
MetLife Akcji Amerykańskich (Światowy SFIO)	12,86	PLN	-0,23	0,08	0,55	1,98	7,80	43,53	2017-07-26	
MetLife Akcji Amerykańskich (USD) (Światowy SFIO)	3,51	USD	-0,57	-0,28	3,24	8,00	16,61	20,62	2017-07-26	-
MetLife Akcji Chińskich i Azjatyckich (Światowy SFIO)	12,80	PLN	-0,23	0,47	3,56	6,67	14,49	39,13	2017-07-25	
MetLife Akcji Chińskich i Azjatyckich (USD) (Światowy SFIO)	3,49	USD	-0,57	-0,57	5,76	12,58	23,76	17,11	2017-07-26	-
MetLife Akcji Małych Spółek (Światowy SFIO)	9,81	PLN	0,10	-0,71	-2,87	-1,51	25,61	45,55	2017-07-26	
MetLife Akcji Nowa Europa (Światowy SFIO)	9,07	PLN	0,78	-0,22	2,95	1,45	17,18	7,08	2017-07-26	
MetLife Akcji Polskich (Światowy SFIO)	6,88	PLN	0,58	-0,15	0,73	0,29	26,70	12,05	2017-07-26	
MetLife Akcji Rynków Rozwiniętych (Światowy SFIO)	7,97	PLN	0,13	-0,25	-0,99	0,50	9,33	33,28	2017-07-26	
MetLife Akcji Rynków Rozwiniętych (USD) (Światowy SFIO)	2,17	USD	-0,46	-0,91	1,40	5,85	17,93	11,86	2017-07-26	-
MetLife Akcji Rynków Wschodzących (Światowy SFIO)	9,16	PLN	0,11	-0,43	2,46	3,85	11,57	18,65	2017-07-26	
MetLife Akcji Rynków Wschodzących (USD) (Światowy SFIO)	2,50	USD	-0,40	-0,79	5,49	9,65	20,77	0,00	2017-07-26	-
MetLife Akcji Średnich Spółek (Krajowy FIO)	10,89	PLN	0,28	-1,09	-1,45	-2,77	32,97	35,45	2017-07-25	
MetLife Aktywnej Alokacji (Krajowy FIO)	8,60	PLN	0,47	0,23	1,06	1,42	17,97	13,31	2017-07-26	
MetLife Lokacyjny (Światowy SFIO)	14,68	PLN	0,00	-0,07	0,14	0,82	2,09	6,53	2017-07-25	
MetLife Obligacji Plus (Światowy SFIO)	16,28	PLN	-0,06	-0,06	-0,18	0,74	1,12	6,61	2017-07-25	
MetLife Obligacji Skarbowych (Krajowy FIO)	21,00	PLN	0,00	0,05	-0,05	0,77	1,20	6,82	2017-07-25	
MetLife Obligacji Światowych (Światowy SFIO)	13,03	PLN	-0,08	-0,31	-0,31	0,70	3,49	26,38	2017-07-26	
MetLife Obligacji Światowych (USD) (Światowy SFIO)	3,55	USD	-0,56	-0,84	2,31	6,29	11,99	6,29	2017-07-26	-
MetLife Ochrony Wzrostu (Światowy SFIO)	8,33	PLN	0,24	-0,12	0,24	-0,12	1,09	-10,91	2017-07-26	-
MetLife Pieniężny (Krajowy FIO)	16,60	PLN	0,00	-0,06	0,18	0,79	1,97	6,34	2017-07-25	
MetLife Stabilnego Wzrostu (Krajowy FIO)	16,97	PLN	0,18	-0,06	0,12	0,71	8,71	5,34	2017-07-26	
MetLife Zrównoważony Azjatycki (Światowy SFIO)	16,61	PLN	-0,36	-0,54	0,79	2,98	10,96	31,10	2017-07-26	
MetLife Zrównoważony Azjatycki (USD) (Światowy SFIO)	4,53	USD	-0,66	-1,09	3,42	8,89	20,16	10,22	2017-07-26	-
MetLife Zrównoważony Nowa Europa (Krajowy FIO)	11,65	PLN	0,43	0,17	2,01	1,30	9,49	6,39	2017-07-26	
Mezzanine FIZ AN	1 203,76	PLN	0,00	0,00	0,70	1,74	8,15	0,00	2017-07-26	-
mFundusz dla aktywnych (mFundusze Dobrze Lokujące SFIO)	105,25	PLN	0,20	0,10	0,65	1,23	0,00	0,00	2017-07-25	-
mFundusz dla każdego (mFundusze Dobrze Lokujące SFIO)	102,10	PLN	0,09	0,07	0,32	0,71	0,00	0,00	2017-07-25	-
mFundusz dla odważnych (mFundusze Dobrze Lokujące SFIO)	107,28	PLN	0,29	0,11	1,10	1,61	0,00	0,00	2017-07-25	-
Millennium Absolute Return (EUR) (Millennium SFIO)	28,46	EUR	-0,35	-1,45	-2,03	-0,59	7,32	9,67	2017-07-25	-
Millennium Absolute Return (Millennium SFIO)	121,12	PLN	0,00	-0,22	-1,34	-0,10	4,77	12,59	2017-07-25	-
Millennium Absolute Return (USD) (Millennium SFIO)	33,17	USD	-0,33	-0,36	2,19	6,35	13,91	-4,93	2017-07-25	-
Millennium Akcji (Millennium FIO)	227,24	PLN	0,33	-0,74	-0,12	-1,07	21,09	9,80	2017-07-25	
Millennium Cyklu Koniunkturalnego (Millennium FIO)	163,21	PLN	0,11	-0,58	-0,87	-0,72	11,70	-0,87	2017-07-25	
Millennium Depozytowy (Millennium FIO)	181,60	PLN	-0,01	0,01	0,21	0,66	2,45	5,78	2017-07-25	
Millennium Dynamicznych Spółek (Millennium FIO)	106,70	PLN	-0,04	-0,87	-2,03	-2,65	15,24	35,06	2017-07-25	
Millennium Globalny Akcji (EUR) (Millennium SFIO)	36,57	EUR	-0,05	-1,11	-0,44	1,58	15,33	15,33	2017-07-25	-
Millennium Globalny Akcji (Millennium SFIO)	155,65	PLN	0,30	0,15	0,28	2,10	12,57	18,40	2017-07-25	
Millennium Globalny Akcji (USD) (Millennium SFIO)	42,62	USD	-0,05	0,00	3,85	8,67	22,37	-0,05	2017-07-25	-
Millennium Globalny Stabilnego Wzrostu (EUR) (Millennium SFIO)	45,14	EUR	-0,22	-1,10	-0,57	0,47	6,39	6,87	2017-07-25	-
Millennium Globalny Stabilnego Wzrostu (Millennium SFIO)	192,11	PLN	0,13	0,14	0,14	0,98	3,84	9,71	2017-07-25	
Millennium Globalny Stabilnego Wzrostu (USD) (Millennium SFIO)	52,61	USD	-0,21	0,02	3,73	7,50	12,87	-7,38	2017-07-25	-
Millennium Globalny Strategii Alternatywnych (EUR) (Millennium SFIO)	25,55	EUR	0,08	-0,97	0,20	-0,43	1,43	-12,23	2017-07-25	-
Millennium Globalny Strategii Alternatywnych (Millennium SFIO)	108,75	PLN	0,42	0,28	0,92	0,06	-0,97	-9,89	2017-07-25	-
Millennium Globalny Strategii Alternatywnych (USD) (Millennium SFIO)	29,78	USD	0,10	0,13	4,53	6,51	7,66	-23,91	2017-07-25	-
Millennium Instrumentów Dłużnych (Millennium FIO)	108,80	PLN	-0,01	0,06	0,41	0,95	5,26	0,00	2017-07-25	-
Millennium Konserwatywny (Millennium SFIO)	101,13	PLN	-0,10	-0,19	-0,50	-0,09	0,00	0,00	2017-07-25	-
Millennium Obligacji Korporacyjnych (EUR) (Millennium SFIO)	32,80	EUR	-0,33	-1,18	-0,39	0,28	6,63	6,22	2017-07-25	-
Millennium Obligacji Korporacyjnych (Millennium SFIO)	139,59	PLN	0,01	0,07	0,32	0,77	4,07	9,03	2017-07-25	
Millennium Obligacji Korporacyjnych (USD) (Millennium SFIO)	38,22	USD	-0,34	-0,08	3,89	7,27	13,11	-7,97	2017-07-25	-
Millennium Stabilnego Wzrostu (Millennium FIO)	148,69	PLN	0,03	-0,32	-0,15	0,10	8,46	5,81	2017-07-25	
MM Prime Depozytowy FIZ	1 125,26	PLN	0,00	0,11	0,39	1,11	3,97	0,00	2017-07-26	
MM Prime Dynamiczny FIZ	1 294,06	PLN	0,00	-0,79	0,50	1,99	30,66	0,00	2017-07-26	-
MS Akcji (MS Parasolowy FIO)	103,20	PLN	0,36	0,16	2,56	1,09	0,00	0,00	2017-07-25	-
MS Obligacji (MS Parasolowy FIO)	101,32	PLN	0,01	-0,02	0,31	0,98	0,00	0,00	2017-07-25	-
MS Płynnościowy (MS Parasolowy FIO)	100,60	PLN	0,00	0,02	0,08	0,27	0,00	0,00	2017-07-25	-
Murapol HRE FIZ AN	100,00	PLN	0,00	0,00	0,00	0,00	0,00	0,00	2017-07-26	-
NN (L) Ameryki Łacińskiej (NN SFIO)	66,71	PLN	-0,45	-0,42	6,14	4,25	11,41	-22,12	2017-07-26	-
NN (L) Depozytowy (NN SFIO)	115,11	PLN	0,00	0,02	0,16	0,39	1,28	3,78	2017-07-26	
NN (L) Dynamiczny Globalnej Alokacji (NN SFIO)	160,21	PLN	0,11	-0,22	-1,29	-0,23	4,49	0,00	2017-07-26	-
NN (L) Europejski Spółek Dywidendowych (NN SFIO)	167,01	PLN	0,35	-0,57	-0,64	0,58	16,90	7,22	2017-07-26	
NN (L) Globalny Długu Korporacyjnego (NN SFIO)	176,81	PLN	0,10	0,33	1,02	1,46	8,02	9,28	2017-07-26	
NN (L) Globalny Spółek Dywidendowych (NN SFIO)	218,95	PLN	0,22	-0,65	-1,69	-3,62	9,75	24,17	2017-07-26	
NN (L) Japonia (NN SFIO)	189,25	PLN	0,23	-0,41	1,14	4,41	24,19	19,73	2017-07-26	-
NN (L) Multi Asset Factor Opportunities FIZ	9,93	PLN	0,00	0,00	-0,20	0,00	0,00	0,00	2017-07-26	-
NN (L) Nowej Azji (NN SFIO)	127,57	PLN	-0,30	0,19	1,15	6,67	16,13	6,09	2017-07-26	
NN (L) Obligacji Rynków Wschodzących (Waluta Lokalna) (NN SFIO)	94,92	PLN	-0,01	-0,43	0,54	3,30	6,68	-12,40	2017-07-26	-
NN (L) Obligacyjny Globalnej Alokacji (NN SFIO)	110,28	PLN	-0,07	-0,33	-0,89	-0,10	1,87	0,00	2017-07-26	
NN (L) Senior Loans FIZ	11,10	PLN	0,09	0,18	0,45	0,54	3,93	9,58	2017-07-26	
NN (L) Spółek Dywidendowych Rynków Wschodzących (NN SFIO)	115,27	PLN	0,30	-0,90	0,37	0,07	15,69	10,40	2017-07-26	
NN (L) Spółek Dywidendowych USA (NN SFIO)	192,51	PLN	-0,60	-0,08	1,42	1,01	10,61	11,86	2017-07-26	
NN (L) Stabilny Globalnej Alokacji (NN SFIO)	119,27	PLN	0,08	-0,13	-0,62	-0,19	2,46	12,90	2017-07-26	-
NN (L) Stabilny Globalnej Alokacji EUR (EUR) (NN SFIO)	104,26	EUR	0,06	-0,16	-0,76	-0,70	0,19	0,00	2017-07-26	-
NN Akcji (NN FIO)	347,66	PLN	0,53	0,07	1,88	0,73	30,64	24,55	2017-07-26	
NN Akcji Środkowoeuropejskich (NN FIO)	185,74	PLN	0,49	-0,05	3,04	6,55	25,58	15,47	2017-07-26	
NN Gotówkowy (NN FIO)	263,63	PLN	0,01	0,02	0,16	0,40	1,28	3,99	2017-07-26	
NN Lokacyjny Plus (NN FIO)	126,11	PLN	0,04	0,06	0,21	0,72	2,76	7,08	2017-07-26	
NN Obligacji (NN FIO)	298,52	PLN	-0,03	-0,09	-0,06	1,33	2,50	8,50	2017-07-26	
NN Perspektywa 2020 (NN Perspektywa SFIO)	126,46	PLN	0,06	-0,07	0,17	0,89	5,20	7,96	2017-07-26	-
NN Perspektywa 2025 (NN Perspektywa SFIO)	130,30	PLN	0,10	-0,12	0,32	1,15	8,19	10,23	2017-07-26	-
NN Perspektywa 2030 (NN Perspektywa SFIO)	129,78	PLN	0,14	-0,14	0,40	1,22	9,33	10,42	2017-07-26	-
NN Perspektywa 2035 (NN Perspektywa SFIO)	130,03	PLN	0,16	-0,16	0,46	1,25	10,36	10,64	2017-07-26	-
NN Perspektywa 2040 (NN Perspektywa SFIO)	129,57	PLN	0,19	-0,18	0,54	1,28	11,46	10,66	2017-07-26	-
NN Perspektywa 2045 (NN Perspektywa SFIO)	129,58	PLN	0,22	-0,18	0,61	1,35	12,51	11,40	2017-07-26	-
NN SFIO Akcji 2	432,09	PLN	0,53	-0,07	1,74	1,21	32,50	25,96	2017-07-26	
NN SFIO Obligacji 2	279,77	PLN	-0,07	-0,14	-0,12	1,04	2,46	0,00	2017-07-26	
NN Średnich i Małych Spółek (NN FIO)	230,07	PLN	0,31	0,56	0,99	1,54	26,91	46,36	2017-07-26	
NN Stabilnego Wzrostu (NN FIO)	275,42	PLN	0,16	-0,07	0,49	0,73	10,00	9,26	2017-07-26	
NN Zrównoważony (NN FIO)	336,46	PLN	0,27	0,02	0,97	0,72	16,47	16,45	2017-07-26	
Noble Fund Africa and Frontier (Noble Funds SFIO)	53,24	PLN	0,64	0,81	7,23	3,26	11,68	-22,06	2017-07-26	-
Noble Fund Akcji (Noble Funds FIO)	144,93	PLN	0,83	0,06	0,85	-0,54	27,64	13,00	2017-07-26	
Noble Fund Akcji Małych i Średnich Spółek (Noble Funds FIO)	115,02	PLN	0,52	0,18	-0,26	1,47	27,11	35,24	2017-07-26	
Noble Fund Akumulacji Kapitału FIZ	1 078,39	PLN	0,00	0,00	0,33	0,49	5,41	0,00	2017-07-26	-
Noble Fund Dywidendowy FIZ	93,32	PLN	0,00	0,00	-0,56	3,74	9,98	0,00	2017-07-26	
Noble Fund Global Return (Noble Funds FIO)	126,75	PLN	0,52	-0,52	1,42	2,95	12,17	4,65	2017-07-26	-
Noble Fund Long Short FIZ	871,41	PLN	0,00	0,00	-0,03	0,81	-1,59	0,00	2017-07-26	-
Noble Fund Mieszany (Noble Funds FIO)	155,78	PLN	0,39	-0,07	0,01	0,50	11,74	12,47	2017-07-26	
Noble Fund Obligacji (Noble Funds FIO)	108,66	PLN	0,00	-0,02	0,06	0,58	0,64	6,07	2017-07-26	
Noble Fund Opportunity FIZ	1 433,37	PLN	0,00	0,00	-1,13	1,78	21,13	0,00	2017-07-26	-
Noble Fund Pieniężny (Noble Funds FIO)	140,23	PLN	0,01	0,04	0,22	0,83	2,47	5,33	2017-07-26	
Noble Fund Stabilnego Wzrostu Plus (Noble Funds FIO)	153,47	PLN	0,36	-0,08	0,35	0,20	8,68	11,91	2017-07-26	
Noble Fund Timingowy (Noble Funds FIO)	162,86	PLN	0,79	0,01	1,84	-0,82	12,50	17,06	2017-07-26	
Novo Akcji (Novo FIO)	210,73	PLN	0,95	-0,62	3,39	4,86	46,05	-2,30	2017-07-26	
Novo Aktywnej Alokacji (Novo FIO)	107,56	PLN	0,66	-0,60	2,37	2,94	26,51	9,21	2017-07-26	
Novo Globalnego Dochodu (Novo FIO)	106,67	PLN	0,01	-0,01	0,40	1,48	0,00	0,00	2017-07-26	-
Novo Gotówkowy (Novo FIO)	139,85	PLN	0,00	-0,01	-0,29	0,87	-0,29	3,78	2017-07-26	
Novo Małych i Średnich Spółek (Novo FIO)	100,12	PLN	0,21	-0,09	0,05	0,00	0,00	0,00	2017-07-26	-
Novo Obligacji Przedsiębiorstw (Novo FIO)	229,28	PLN	0,04	0,01	-0,31	-0,53	-0,32	3,22	2017-07-26	
Novo Papierów Dłużnych (Novo FIO)	197,19	PLN	0,01	-0,11	-0,78	-0,70	-3,35	0,31	2017-07-26	
Novo Primum Ochrony Kapitału (Novo Primum FIZ)	101,98	PLN	0,00	-0,19	-0,71	-0,13	0,00	0,00	2017-07-26	-
Novo Rentier FIZ	947,19	PLN	0,00	0,21	-0,08	0,09	-1,30	0,00	2017-07-26	-
Novo Stabilnego Wzrostu (Novo FIO)	215,09	PLN	0,24	-0,35	1,34	0,40	18,68	3,93	2017-07-26	
Novo Zrównoważonego Wzrostu (Novo FIO)	196,73	PLN	0,44	-0,69	3,01	3,50	31,59	0,48	2017-07-26	
Obligo NSFIZ	217 750,00	PLN	0,00	0,00	0,93	2,18	0,00	0,00	2017-07-26	-
Open Finance Absolute Return FIZ	1 373,65	PLN	0,00	0,00	-1,11	-1,11	25,10	0,00	2017-07-26	-
Open Finance Akcji (Open Finance FIO)	119,70	PLN	0,04	-0,75	1,29	0,55	20,00	6,21	2017-07-25	
Open Finance Akcji Małych i Średnich Spółek (Open Finance FIO)	166,75	PLN	0,03	-0,15	1,00	1,65	23,52	38,31	2017-07-25	
Open Finance Aktywnej Alokacji (Open Finance FIO)	95,72	PLN	-0,04	-0,11	0,27	-0,17	-0,23	-8,08	2017-07-25	
Open Finance Obligacji (Open Finance FIO)	109,89	PLN	-0,11	-0,25	-0,07	0,41	0,87	1,09	2017-07-25	
Open Finance Obligacji Korporacyjnych Europy Środkowej i Wschodniej FIZ AN	1 090,09	PLN	0,00	0,00	0,26	1,07	4,88	0,00	2017-07-21	
Open Finance Obligacji Przedsiębiorstw FIZ AN seria C	1 168,48	PLN	0,00	0,00	0,31	1,26	6,18	0,00	2017-07-24	
Open Finance Obligacji Przedsiębiorstw Rentier FIZ	102,84	PLN	0,00	0,36	-0,84	-0,02	3,32	0,00	2017-07-26	-
Open Finance Pieniężny (Open Finance FIO)	114,94	PLN	-0,12	-0,16	0,03	0,35	1,34	5,59	2017-07-25	
Open Finance Stabilnego Wzrostu (Open Finance FIO)	110,94	PLN	-0,03	-0,43	0,04	-0,47	2,30	-2,59	2017-07-25	
Open Finance Surowcowy FIZ	96,59	PLN	0,00	0,00	-0,59	-1,45	-8,69	5,98	2017-07-26	-
Opera Alfa-plus.pl (Opera SFIO)	17,54	PLN	0,00	0,69	1,92	4,90	19,16	13,67	2017-07-25	-
Opera Avista-plus.pl (Opera SFIO)	15,94	PLN	0,00	0,19	-0,25	0,00	-1,73	4,52	2017-07-25	-
Opera Avista.pl (Opera FIO)	18,19	PLN	0,00	-0,05	-0,66	0,44	-2,10	2,54	2017-07-26	
Opera Equilibrium.pl (Opera FIO)	13,09	PLN	0,38	-0,46	3,31	4,80	26,60	-1,06	2017-07-26	
Opera FIZ	39 303,70	PLN	0,00	0,00	2,50	1,77	2,70	0,00	2017-07-26	-
Opera NGO SFIO	13,48	PLN	0,00	-0,15	0,97	1,58	27,77	27,41	2017-07-26	
Opera Pecunia.pl (Opera FIO)	12,73	PLN	0,00	-0,08	-0,16	0,63	0,08	3,83	2017-07-26	
Opera Tutus-plus (Opera SFIO)	12,43	PLN	0,00	0,32	0,00	0,40	1,30	5,61	2017-07-25	
Opera Universa.pl (Opera FIO)	8,63	PLN	0,58	-1,03	6,41	9,38	43,12	-10,94	2017-07-26	-
Opera Za 3 Grosze FIZ	336,50	PLN	0,00	0,00	0,95	8,79	39,92	0,00	2017-07-26	-
Opoka Alfa (Opoka Omega FIZ)	115,88	PLN	0,00	0,00	-0,22	-0,32	7,21	0,00	2017-07-26	-
Opoka Neutral (Opoka Omega FIZ)	117,93	PLN	0,00	0,00	0,40	0,16	4,54	0,00	2017-07-26	-
Opoka One FIZ	161,81	PLN	0,00	0,00	-0,33	-0,33	9,11	0,00	2017-07-26	-
Opoka Quant (Opoka Omega FIZ)	102,66	PLN	0,00	0,00	-1,44	-0,39	0,00	0,00	2017-07-26	-
Opoka Ultra (Opoka Omega FIZ)	124,57	PLN	0,00	0,00	-0,27	1,86	0,00	0,00	2017-07-26	-
OPTI Absolute Return FIZ	1 066,77	PLN	0,00	0,00	0,05	0,31	3,77	0,00	2017-07-26	-
OPTI FIZ	1 229,60	PLN	0,00	0,00	-0,15	1,98	13,35	16,47	2017-07-26	
OPTI Płynnych Obligacji FIZ	1 097,04	PLN	0,00	0,14	0,45	1,47	4,89	0,00	2017-07-26	
Optimum Akcji (Optimum FIO)	9,63	PLN	0,31	-0,72	1,48	1,37	28,74	-1,93	2017-07-25	
Optimum Gotówkowy (Optimum FIO)	9,96	PLN	0,00	0,00	-0,20	-0,30	-1,68	-2,16	2017-07-25	
Optimum Obligacji (Optimum FIO)	10,07	PLN	0,00	0,00	-0,10	0,10	-2,42	-2,14	2017-07-25	
PEM FIZ - Private Equity Multifund FIZ	103,64	PLN	0,00	0,00	1,60	1,82	0,00	0,00	2017-07-26	-
Pioneer Akcji - Aktywna Selekcja (Pioneer FIO)	11,08	PLN	0,27	-0,18	1,47	1,56	25,62	4,04	2017-07-25	
Pioneer Akcji Amerykańskich (Pioneer Walutowy FIO)	109,24	PLN	0,75	0,95	-1,47	-3,57	2,71	30,56	2017-07-25	
Pioneer Akcji Amerykańskich (USD) (Pioneer Walutowy FIO)	29,91	USD	0,40	0,81	2,05	2,64	11,65	10,21	2017-07-25	-
Pioneer Akcji Europejskich (EUR) (Pioneer Walutowy FIO)	11,87	EUR	0,25	-0,17	-1,74	-0,92	11,35	11,46	2017-07-25	-
Pioneer Akcji Europejskich (Pioneer Walutowy FIO)	50,52	PLN	0,58	1,06	-1,04	-0,37	8,74	14,40	2017-07-25	
Pioneer Akcji Małych i Średnich Spółek Rynków Rozwiniętych (Pioneer Funduszy Globalnych SFIO)	12,15	PLN	0,25	-0,08	-0,65	0,08	12,81	17,16	2017-07-25	-
Pioneer Akcji Polskich (Pioneer FIO)	23,64	PLN	0,17	-0,34	1,03	0,77	23,70	1,11	2017-07-25	
Pioneer Akcji Rynków Dalekiego Wschodu (Pioneer Funduszy Globalnych SFIO)	10,12	PLN	-0,30	0,60	4,01	9,41	20,05	11,45	2017-07-25	
Pioneer Akcji Rynków Wschodzących (Pioneer Funduszy Globalnych SFIO)	7,71	PLN	0,39	1,31	5,47	9,05	25,57	-5,40	2017-07-25	
Pioneer Alternatywny - Absolutnej Stopy Zwrotu (Pioneer Funduszy Globalnych SFIO)	10,53	PLN	0,00	-0,09	0,19	0,57	3,24	0,00	2017-07-25	-
Pioneer Alternatywny - Globalnego Dochodu (Pioneer Funduszy Globalnych SFIO)	10,44	PLN	0,19	0,10	0,10	0,97	5,99	0,00	2017-07-25	-
Pioneer Dochodu i Wzrostu Regionu Pacyfiku (Pioneer Funduszy Globalnych SFIO)	15,99	PLN	-0,25	0,13	1,72	4,99	11,35	9,90	2017-07-25	-
Pioneer Dochodu i Wzrostu Rynku Chińskiego (Pioneer Funduszy Globalnych SFIO)	17,51	PLN	-0,17	0,52	3,00	6,19	12,97	10,61	2017-07-25	-
Pioneer Dochodu USD (Pioneer Funduszy Globalnych SFIO)	9,62	PLN	0,21	0,10	-3,22	-5,03	-5,87	0,00	2017-07-25	-
Pioneer Dochodu USD (USD) (Pioneer Funduszy Globalnych SFIO)	2,63	USD	-0,38	-0,38	0,00	0,77	2,33	0,00	2017-07-25	-
Pioneer Dynamicznych Spółek (Pioneer FIO)	21,64	PLN	0,14	-0,09	-0,18	1,31	23,16	29,27	2017-07-25	
Pioneer Elastycznego Inwestowania (Pioneer Strategie Funduszowe SFIO)	11,80	PLN	0,00	0,17	1,55	2,16	5,92	1,55	2017-07-25	
Pioneer Global Multi-Asset Target Income FIZ	966,63	PLN	0,00	0,07	0,08	0,46	1,55	0,00	2017-07-25	
Pioneer Gotówkowy (Pioneer Funduszy Globalnych SFIO)	12,22	PLN	0,00	0,00	0,16	0,58	1,66	4,62	2017-07-25	
Pioneer Konsumpcji i Wzrostu Rynków Wschodzących FIZ	1 093,91	PLN	-0,10	-0,49	-1,55	-0,27	9,50	0,00	2017-07-25	
Pioneer Małych i Średnich Spółek Rynku Polskiego (Pioneer FIO)	11,28	PLN	0,09	-0,18	0,00	1,71	26,74	24,64	2017-07-25	
Pioneer Obligacji - Dynamiczna Alokacja 2 (Pioneer FIO)	11,95	PLN	-0,08	0,00	-0,17	0,84	1,10	7,27	2017-07-25	
Pioneer Obligacji - Dynamiczna Alokacja FIO	138,34	PLN	-0,05	-0,02	-0,12	0,83	1,17	7,18	2017-07-25	
Pioneer Obligacji Dolarowych Plus (Pioneer Walutowy FIO)	73,28	PLN	0,29	0,26	-2,75	-4,76	-5,41	18,37	2017-07-25	-
Pioneer Obligacji Dolarowych Plus (USD) (Pioneer Walutowy FIO)	20,07	USD	-0,05	0,15	0,75	1,41	2,82	-0,05	2017-07-25	-
Pioneer Obligacji Europejskich Plus (EUR) (Pioneer Walutowy FIO)	10,54	EUR	-0,09	0,00	-0,38	-0,47	-1,40	-0,57	2017-07-25	-
Pioneer Obligacji Europejskich Plus (Pioneer Walutowy FIO)	44,86	PLN	0,29	1,22	0,31	0,02	-3,73	2,07	2017-07-25	-
Pioneer Obligacji i Dochodu (Pioneer Funduszy Globalnych SFIO)	11,53	PLN	0,00	-0,09	0,09	0,26	4,91	15,07	2017-07-25	
Pioneer Obligacji Plus (Pioneer FIO)	57,01	PLN	-0,05	-0,04	0,07	1,01	1,19	5,09	2017-07-25	
Pioneer Obligacji Strategicznych (Pioneer Funduszy Globalnych SFIO)	18,44	PLN	-0,05	0,05	0,44	0,66	3,71	6,53	2017-07-25	
Pioneer Pieniężny (Pioneer FIO)	190,11	PLN	0,01	0,04	0,16	0,50	1,48	4,42	2017-07-25	
Pioneer Pieniężny Plus (Pioneer FIO)	10,85	PLN	0,00	0,09	0,09	0,46	1,31	5,54	2017-07-25	
Pioneer Stabilnego Inwestowania (Pioneer FIO)	12,16	PLN	0,00	-0,25	0,08	0,66	7,42	2,27	2017-07-25	
Pioneer Stabilnego Wzrostu (Pioneer FIO)	200,47	PLN	0,02	-0,16	0,42	1,23	8,30	3,51	2017-07-25	
Pioneer Strategii Globalnej (Pioneer Strategie Funduszowe SFIO)	18,98	PLN	-0,05	0,11	-0,21	0,48	4,52	10,03	2017-07-25	-
Pioneer Strategii Globalnej - dynamiczny (Pioneer Strategie Funduszowe SFIO)	10,29	PLN	0,39	0,49	0,49	1,38	0,00	0,00	2017-07-25	-
Pioneer Strategii Globalnej - konserwatywny (Pioneer Strategie Funduszowe SFIO)	10,93	PLN	-0,09	0,18	-0,27	0,74	3,11	0,00	2017-07-25	-
Pioneer Surowców i Energii (Pioneer Funduszy Globalnych SFIO)	5,68	PLN	-0,53	-0,70	-0,53	-5,33	-7,49	-27,27	2017-07-25	-
Pioneer Wzrostu i Dochodu Rynku Amerykańskiego (Pioneer Funduszy Globalnych SFIO)	11,21	PLN	0,09	0,36	1,08	1,45	6,97	0,00	2017-07-25	-
Pioneer Wzrostu i Dochodu Rynku Europejskiego (Pioneer Funduszy Globalnych SFIO)	11,84	PLN	0,08	0,00	-0,67	-0,08	8,72	12,02	2017-07-25	-
Pioneer Zabezpieczony Rynku Polskiego (Pioneer Strategie Funduszowe SFIO)	11,30	PLN	0,00	0,00	0,18	0,53	0,80	0,89	2017-07-25	-
Pioneer Zmiennej Alokacji (Pioneer Strategie Funduszowe SFIO)	12,64	PLN	0,00	0,00	0,32	0,96	-0,16	-1,02	2017-07-25	-
Pioneer Zmiennej Alokacji - Rynki Wschodzące (Pioneer Strategie Funduszowe SFIO)	9,77	PLN	0,00	0,00	0,83	0,83	2,30	-1,91	2017-07-25	-
Pioneer Zmiennej Alokacji Rynku Amerykańskiego (Pioneer Strategie Funduszowe SFIO)	12,94	PLN	0,00	0,00	0,23	0,78	1,25	4,69	2017-07-25	-
Pioneer Zrównoważony (Pioneer FIO)	124,23	PLN	0,19	-0,31	0,67	0,98	14,72	2,69	2017-07-25	
Pioneer Zrównoważony Rynku Amerykańskiego (Pioneer Walutowy FIO)	52,55	PLN	0,61	0,69	-1,96	-4,58	-1,39	25,21	2017-07-25	
Pioneer Zrównoważony Rynku Amerykańskiego (USD) (Pioneer Walutowy FIO)	14,39	USD	0,28	0,56	1,55	1,55	7,23	5,73	2017-07-25	-
PKO Absolutnej Stopy Zwrotu Europa Wschód-Zachód FIZ	100,03	PLN	0,00	0,00	0,26	0,26	0,00	0,00	2017-07-26	-
PKO Akcji Dywidendowych Globalny (Parasolowy FIO)	116,15	PLN	0,23	-0,44	-1,83	-0,48	11,85	0,00	2017-07-26	
PKO Akcji Dywidendowych Globalny A1 (Parasolowy FIO)	117,74	PLN	0,24	-0,42	-1,78	-0,30	12,70	0,00	2017-07-26	-
PKO Akcji Małych i Średnich Spółek (Parasolowy FIO)	268,15	PLN	0,30	0,05	-0,35	1,31	22,10	36,95	2017-07-26	
PKO Akcji Małych i Średnich Spółek A1 (Parasolowy FIO)	278,40	PLN	0,30	0,07	-0,27	1,56	23,33	41,13	2017-07-26	-
PKO Akcji Nowa Europa (Parasolowy FIO)	116,54	PLN	0,47	0,30	2,96	1,60	18,53	19,77	2017-07-26	
PKO Akcji Nowa Europa A1 (Parasolowy FIO)	129,03	PLN	0,47	0,33	3,05	1,86	19,73	23,41	2017-07-26	-
PKO Akcji Plus (Parasolowy FIO)	95,99	PLN	0,37	-0,04	1,05	2,26	24,78	25,33	2017-07-26	
PKO Akcji Plus A1 (Parasolowy FIO)	99,94	PLN	0,37	-0,02	1,13	2,50	26,03	29,15	2017-07-26	-
PKO Akcji Rynków Wschodzących (Parasolowy FIO)	98,95	PLN	0,13	0,17	3,23	5,76	13,31	0,00	2017-07-26	
PKO Akcji Rynków Wschodzących A1 (Parasolowy FIO)	100,89	PLN	0,14	0,20	3,32	6,03	14,45	0,00	2017-07-26	-
PKO Akcji Rynku Amerykańskiego (Parasolowy FIO)	105,60	PLN	-0,12	0,28	0,54	0,87	6,23	0,00	2017-07-26	
PKO Akcji Rynku Amerykańskiego A1 (Parasolowy FIO)	107,65	PLN	-0,12	0,29	0,63	1,13	7,29	0,00	2017-07-26	-
PKO Akcji Rynku Azji i Pacyfiku (Parasolowy FIO)	103,12	PLN	0,25	0,36	2,75	5,85	13,19	0,00	2017-07-26	
PKO Akcji Rynku Azji i Pacyfiku A1 (Parasolowy FIO)	105,13	PLN	0,26	0,38	2,85	6,13	14,32	0,00	2017-07-26	-
PKO Akcji Rynku Europejskiego (Parasolowy FIO)	98,24	PLN	0,34	-0,05	-1,18	-0,48	14,59	0,00	2017-07-26	
PKO Akcji Rynku Europejskiego A1 (Parasolowy FIO)	99,83	PLN	0,33	-0,05	-1,12	-0,29	15,45	0,00	2017-07-26	-
PKO Akcji Rynku Japońskiego (Parasolowy FIO)	89,66	PLN	0,00	0,15	-0,93	2,46	13,06	0,00	2017-07-26	-
PKO Akcji Rynku Japońskiego A1 (Parasolowy FIO)	91,40	PLN	-0,01	0,16	-0,85	2,71	14,18	0,00	2017-07-26	-
PKO Akcji Rynku Złota (Parasolowy FIO)	110,70	PLN	2,77	1,54	-3,22	-3,29	-26,17	0,00	2017-07-26	-
PKO Akcji Rynku Złota A1 (Parasolowy FIO)	111,82	PLN	2,77	1,54	-3,18	-3,18	-25,80	0,00	2017-07-26	-
PKO Bezpieczna Lokata I FIZ	109,18	PLN	0,00	0,00	1,20	1,20	3,49	0,00	2017-07-26	-
PKO Dóbr Luksusowych Globalny (Parasolowy FIO)	187,57	PLN	0,04	-0,23	0,46	2,22	20,70	37,58	2017-07-26	-
PKO Dóbr Luksusowych Globalny A1 (Parasolowy FIO)	194,56	PLN	0,05	-0,22	0,54	2,48	21,91	41,76	2017-07-26	-
PKO Europa Wschód-Zachód FIZ seria A	110,52	PLN	0,00	0,00	-0,26	0,36	1,69	0,00	2017-07-26	-
PKO Europa Wschód-Zachód FIZ seria B	111,12	PLN	0,00	0,00	-0,25	0,37	1,69	0,00	2017-07-26	-
PKO Europa Wschód-Zachód FIZ seria C	108,57	PLN	0,00	0,00	-0,26	0,37	1,70	0,00	2017-07-26	-
PKO Europa Wschód-Zachód FIZ seria D	110,09	PLN	0,00	0,00	-0,25	0,36	1,69	0,00	2017-07-26	-
PKO Europa Wschód-Zachód FIZ seria E	109,57	PLN	0,00	0,00	-0,25	0,37	1,70	0,00	2017-07-26	-
PKO Europa Wschód-Zachód FIZ seria F	110,39	PLN	0,00	0,00	-0,26	0,36	1,70	0,00	2017-07-26	-
PKO Europa Wschód-Zachód FIZ seria G	109,16	PLN	0,00	0,00	-0,26	0,37	0,00	0,00	2017-07-26	-
PKO Europa Wschód-Zachód FIZ seria H	110,68	PLN	0,00	0,00	-0,25	0,37	0,00	0,00	2017-07-26	-
PKO Europa Wschód-Zachód FIZ seria I	110,71	PLN	0,00	0,00	-0,25	0,34	0,00	0,00	2017-07-26	-
PKO Globalnego Dochodu FIZ	105,84	PLN	0,00	0,00	-0,31	0,95	2,85	0,00	2017-07-26	-
PKO Globalnej Makroekonomii FIZ seria A	1 351,68	PLN	0,00	0,00	0,52	-1,82	-1,93	0,00	2017-07-26	-
PKO Globalnej Makroekonomii FIZ seria B	1 314,69	PLN	0,00	0,00	0,52	-1,82	-2,17	0,00	2017-07-26	-
PKO Globalnej Makroekonomii FIZ seria C	1 328,54	PLN	0,00	0,00	0,52	-1,82	-2,17	0,00	2017-07-26	-
PKO Globalnej Makroekonomii FIZ seria D	1 314,33	PLN	0,00	0,00	0,52	-1,82	-2,17	0,00	2017-07-26	-
PKO Globalnej Makroekonomii FIZ seria E	1 327,74	PLN	0,00	0,00	0,52	-1,82	-2,17	0,00	2017-07-26	-
PKO Globalnej Makroekonomii FIZ seria F	1 348,76	PLN	0,00	0,00	0,52	-1,82	-2,17	0,00	2017-07-26	-
PKO Globalnej Makroekonomii FIZ seria G	1 336,53	PLN	0,00	0,00	0,52	-1,82	-2,17	0,00	2017-07-26	-
PKO Globalnej Makroekonomii FIZ seria H	1 352,32	PLN	0,00	0,00	0,52	-1,82	-2,17	0,00	2017-07-26	-
PKO Globalnej Makroekonomii FIZ seria I	1 362,19	PLN	0,00	0,00	0,52	-1,82	-2,18	0,00	2017-07-26	-
PKO Globalnej Makroekonomii FIZ seria J	1 326,78	PLN	0,00	0,00	0,52	-1,82	-2,22	0,00	2017-07-26	-
PKO Globalnej Makroekonomii FIZ seria K	1 345,49	PLN	0,00	0,00	0,52	-1,82	-2,24	0,00	2017-07-26	-
PKO Globalnej Makroekonomii FIZ seria L	1 348,31	PLN	0,00	0,00	0,52	-1,82	0,00	0,00	2017-07-26	-
PKO Globalnej Makroekonomii FIZ seria M	1 341,54	PLN	0,00	0,00	0,52	-1,82	0,00	0,00	2017-07-26	-
PKO Globalnej Makroekonomii FIZ seria N	1 366,25	PLN	0,00	0,00	0,52	-1,82	0,00	0,00	2017-07-26	-
PKO Globalnej Makroekonomii FIZ seria O	1 350,09	PLN	0,00	0,00	0,52	-1,82	0,00	0,00	2017-07-26	-
PKO Globalnej Strategii FIZ	104,83	PLN	0,00	0,00	-1,72	-1,89	-2,03	0,00	2017-07-26	-
PKO Infrastruktury i Budownictwa Globalny (Parasolowy FIO)	99,33	PLN	0,35	-1,14	-1,96	-0,92	15,18	22,28	2017-07-26	-
PKO Infrastruktury i Budownictwa Globalny A1 (Parasolowy FIO)	103,45	PLN	0,36	-1,12	-1,88	-0,65	16,33	26,00	2017-07-26	-
PKO Medycyny i Demografii Globalny (Parasolowy FIO)	113,09	PLN	0,07	0,38	-0,73	4,89	0,00	0,00	2017-07-26	-
PKO Medycyny i Demografii Globalny A1 (Parasolowy FIO)	113,91	PLN	0,08	0,41	-0,65	5,14	0,00	0,00	2017-07-26	-
PKO Multi Strategia FIZ seria A	109,25	PLN	0,00	0,00	-0,43	0,77	6,35	0,00	2017-07-26	
PKO Multi Strategia FIZ seria B	110,18	PLN	0,00	0,00	-0,43	0,77	6,35	0,00	2017-07-26	-
PKO Multi Strategia FIZ seria C	110,08	PLN	0,00	0,00	-0,43	0,77	6,35	0,00	2017-07-26	-
PKO Multi Strategia FIZ seria D	109,82	PLN	0,00	0,00	-0,43	0,77	6,35	0,00	2017-07-26	-
PKO Multi Strategia FIZ seria E	108,36	PLN	0,00	0,00	-0,43	0,76	0,00	0,00	2017-07-26	-
PKO Multi Strategia FIZ seria F	109,17	PLN	0,00	0,00	-0,43	0,77	0,00	0,00	2017-07-26	-
PKO Multi Strategia FIZ seria G	107,73	PLN	0,00	0,00	-0,43	0,77	0,00	0,00	2017-07-26	-
PKO Multi Strategia FIZ seria H	108,41	PLN	0,00	0,00	-0,43	0,00	0,00	0,00	2017-07-26	-
PKO Nieruchomości Komercyjnych FIZ AN	10,56	PLN	0,00	0,00	0,38	0,38	4,14	0,00	2017-07-26	-
PKO Obligacji Długoterminowych (Parasolowy FIO)	206,40	PLN	-0,04	-0,00	-0,01	1,48	2,03	7,17	2017-07-26	
PKO Obligacji Długoterminowych A1 (Parasolowy FIO)	211,52	PLN	-0,04	0,00	0,00	1,54	2,23	8,22	2017-07-26	-
PKO Papierów Dłużnych Plus (Parasolowy FIO)	167,09	PLN	-0,01	0,05	0,13	1,22	1,97	5,21	2017-07-26	
PKO Papierów Dłużnych Plus A1 (Parasolowy FIO)	170,64	PLN	-0,02	0,05	0,14	1,27	2,17	6,24	2017-07-26	-
PKO Papierów Dłużnych USD (Parasolowy FIO)	105,65	PLN	0,38	0,46	-3,09	-4,35	-6,77	0,00	2017-07-26	-
PKO Papierów Dłużnych USD A1 (Parasolowy FIO)	105,95	PLN	0,38	0,46	-3,09	-4,33	-6,68	0,00	2017-07-26	-
PKO Płynnościowy SFIO	11,59	PLN	0,00	0,09	0,35	1,05	2,48	7,22	2017-07-26	
PKO Płynnościowy SFIO A1	11,69	PLN	0,00	0,09	0,34	1,12	2,63	7,84	2017-07-26	-
PKO Rynku Pieniężnego (Parasolowy FIO)	1 457,38	PLN	0,00	0,02	0,10	0,49	1,54	4,24	2017-07-26	-
PKO Rynku Pieniężnego A1 (Parasolowy FIO)	1 475,27	PLN	0,00	0,03	0,11	0,51	1,65	4,56	2017-07-26	-
PKO Skarbowy (Parasolowy FIO)	2 144,45	PLN	0,01	0,07	0,30	0,88	2,33	5,86	2017-07-26	
PKO Skarbowy A1 (Parasolowy FIO)	2 196,92	PLN	0,01	0,07	0,31	0,91	2,45	6,20	2017-07-26	-
PKO Spółek Innowacyjnych Globalny FIZ seria A	158,13	PLN	0,00	0,00	-1,29	3,82	31,65	0,00	2017-07-26	
PKO Spółek Innowacyjnych Globalny FIZ seria B	148,66	PLN	0,00	0,00	-1,29	3,82	31,60	0,00	2017-07-26	-
PKO Spółek Innowacyjnych Globalny FIZ seria C	158,51	PLN	0,00	0,00	-1,29	3,82	31,74	0,00	2017-07-26	-
PKO Spółek Innowacyjnych Globalny FIZ seria D	148,18	PLN	0,00	0,00	-0,76	4,44	0,00	0,00	2017-07-26	-
PKO Spółek Innowacyjnych Globalny FIZ seria E	152,20	PLN	0,00	0,00	-0,75	4,45	0,00	0,00	2017-07-26	-
PKO Stabilnego Wzrostu (Parasolowy FIO)	162,09	PLN	0,10	0,01	0,38	1,65	9,46	11,43	2017-07-26	
PKO Stabilnego Wzrostu A1 (Parasolowy FIO)	173,43	PLN	0,11	0,02	0,42	1,78	10,01	13,12	2017-07-26	-
PKO Strategicznej Alokacji (Parasolowy FIO)	100,71	PLN	0,27	0,32	0,91	0,60	11,31	14,98	2017-07-26	
PKO Strategicznej Alokacji A1 (Parasolowy FIO)	100,71	PLN	0,27	0,32	0,60	0,46	11,31	14,98	2017-07-26	-
PKO Strategii Dłużnych FIZ seria A	122,47	PLN	0,00	0,00	0,48	0,48	1,26	0,00	2017-07-26	-
PKO Strategii Dłużnych FIZ seria B	122,02	PLN	0,00	0,00	0,49	0,48	1,26	0,00	2017-07-26	-
PKO Strategii Dłużnych FIZ seria C	121,50	PLN	0,00	0,00	0,49	0,48	1,26	0,00	2017-07-26	-
PKO Strategii Dłużnych FIZ seria D	122,76	PLN	0,00	0,00	0,48	0,47	1,25	0,00	2017-07-26	-
PKO Strategii Dłużnych FIZ seria E	122,12	PLN	0,00	0,00	0,49	0,48	1,26	0,00	2017-07-26	-
PKO Strategii Dłużnych FIZ seria F	122,35	PLN	0,00	0,00	0,48	0,48	1,26	0,00	2017-07-26	-
PKO Strategii Dłużnych FIZ seria G	121,89	PLN	0,00	0,00	0,49	0,48	1,25	0,00	2017-07-26	-
PKO Strategii Dłużnych FIZ seria H	122,47	PLN	0,00	0,00	0,48	0,48	1,26	0,00	2017-07-26	-
PKO Strategii Dłużnych FIZ seria I	122,14	PLN	0,00	0,00	0,49	0,48	0,00	0,00	2017-07-26	-
PKO Strategii Dłużnych FIZ seria J	122,38	PLN	0,00	0,00	0,48	0,48	0,00	0,00	2017-07-26	-
PKO Strategii Dłużnych FIZ seria K	122,60	PLN	0,00	0,00	0,48	0,48	0,00	0,00	2017-07-26	-
PKO Strategii Dłużnych FIZ seria L	122,61	PLN	0,00	0,00	0,49	0,48	0,00	0,00	2017-07-26	-
PKO Strategii Dłużnych FIZ seria M	122,44	PLN	0,00	0,00	0,49	0,48	0,00	0,00	2017-07-26	-
PKO Strategii Obligacyjnych FIZ	106,95	PLN	0,00	0,00	0,39	0,46	1,43	0,00	2017-07-26	-
PKO Surowców Globalny (Parasolowy FIO)	116,24	PLN	1,25	0,79	3,36	-0,49	0,82	22,85	2017-07-26	-
PKO Surowców Globalny A1 (Parasolowy FIO)	120,56	PLN	1,24	0,79	3,44	-0,25	1,82	26,57	2017-07-26	-
PKO Technologii i Innowacji Globalny (Parasolowy FIO)	235,76	PLN	0,29	0,27	1,25	5,91	26,43	60,10	2017-07-26	-
PKO Technologii i Innowacji Globalny A1 (Parasolowy FIO)	244,78	PLN	0,29	0,29	1,34	6,18	27,70	64,98	2017-07-26	-
PKO Zabezpieczenia Emerytalnego 2020 (PKO Zabezpieczenia Emerytalnego SFIO)	11,43	PLN	-0,09	-0,09	0,09	1,24	1,78	5,93	2017-07-26	-
PKO Zabezpieczenia Emerytalnego 2030 (PKO Zabezpieczenia Emerytalnego SFIO)	12,02	PLN	0,17	-0,50	0,17	0,67	6,75	7,32	2017-07-26	-
PKO Zabezpieczenia Emerytalnego 2040 (PKO Zabezpieczenia Emerytalnego SFIO)	12,01	PLN	0,33	-0,58	0,33	0,59	10,08	7,52	2017-07-26	-
PKO Zabezpieczenia Emerytalnego 2050 (PKO Zabezpieczenia Emerytalnego SFIO)	13,27	PLN	0,45	-0,38	0,91	0,68	17,02	17,23	2017-07-26	-
PKO Zabezpieczenia Emerytalnego 2060 (PKO Zabezpieczenia Emerytalnego SFIO)	13,37	PLN	0,53	-0,30	0,91	0,60	16,36	15,06	2017-07-26	-
PKO Zrównoważony (Parasolowy FIO)	144,61	PLN	0,21	0,10	0,75	2,15	14,97	15,50	2017-07-26	
PKO Zrównoważony A1 (Parasolowy FIO)	165,77	PLN	0,22	0,13	0,84	2,43	16,24	19,38	2017-07-26	-
Pocztowy Gotówkowy (Pocztowy SFIO)	101,69	PLN	0,01	-0,02	0,13	0,43	0,00	0,00	2017-07-25	-
Pocztowy Obligacji (Pocztowy SFIO)	108,81	PLN	-0,05	0,17	0,73	1,25	0,00	0,00	2017-07-25	-
Pocztowy Stabilny (Pocztowy SFIO)	102,82	PLN	-0,02	-0,09	0,30	0,76	2,44	0,00	2017-07-25	-
Pragma 1 FIZ NFS	109,98	PLN	0,00	0,00	-0,51	0,36	5,71	45,90	2017-07-26	-
Provide Able 2 Trend FIZ	98,94	PLN	0,00	0,00	5,11	1,58	10,96	3,77	2017-07-26	-
PSF 2 FIZ AN	108,00	PLN	0,00	0,00	0,63	1,93	8,00	0,00	2017-07-26	-
PSF FIZ AN	132,34	PLN	0,00	0,00	0,86	2,63	10,99	0,00	2017-07-26	-
PSF Lease FIZ AN	109,11	PLN	0,00	0,00	0,79	2,40	0,00	0,00	2017-07-26	-
PZU Akcji KRAKOWIAK (PZU FIO Parasolowy)	110,72	PLN	0,44	0,06	1,68	0,83	24,53	5,26	2017-07-26	
PZU Akcji Małych i Średnich Spółek (PZU FIO Parasolowy)	57,30	PLN	0,07	-0,69	-2,40	-2,20	15,83	20,43	2017-07-26	
PZU Akcji Nowa Europa (PZU FIO Parasolowy)	48,65	PLN	0,52	0,64	2,03	3,12	10,22	-1,68	2017-07-26	
PZU Akcji Rynków Rozwiniętych (EUR) (GI SFIO)	46,76	EUR	-0,13	-2,03	-2,83	-2,42	11,23	17,37	2017-07-26	-
PZU Akcji Rynków Rozwiniętych (GI SFIO)	199,24	PLN	-0,02	-0,74	-1,69	-1,60	8,45	20,62	2017-07-26	
PZU Akcji Rynków Wschodzących (EUR) (GI SFIO)	25,34	EUR	-0,04	-1,93	2,72	0,56	13,84	-15,53	2017-07-26	-
PZU Akcji Rynków Wschodzących (GI SFIO)	107,99	PLN	0,11	-0,63	3,94	1,40	11,02	-13,17	2017-07-26	
PZU Akcji Spółek Dywidendowych (EUR) (GI SFIO)	31,52	EUR	0,22	-1,07	0,57	0,86	28,50	53,98	2017-07-26	-
PZU Akcji Spółek Dywidendowych (GI SFIO)	134,29	PLN	0,33	0,22	1,73	1,70	25,27	58,25	2017-07-26	
PZU Dłużny Aktywny (PZU FIO Parasolowy)	51,36	PLN	0,00	-0,04	-0,25	1,72	0,00	0,00	2017-07-26	-
PZU Dłużny Rynków Wschodzących (EUR) (GI SFIO)	30,81	EUR	-0,03	-1,12	-1,38	-0,39	2,43	3,29	2017-07-26	-
PZU Dłużny Rynków Wschodzących (GI SFIO)	131,30	PLN	0,09	0,18	-0,22	0,47	-0,10	6,18	2017-07-26	-
PZU Energia Medycyna Ekologia (PZU FIO Parasolowy)	86,78	PLN	0,27	0,01	-1,45	2,77	4,93	-9,83	2017-07-26	-
PZU FIO Ochrony Majątku	60,95	PLN	0,00	0,00	0,07	0,20	0,59	2,35	2017-07-26	
PZU FIZ Akcji Combo	990,67	PLN	0,00	0,00	-0,14	-0,80	0,00	0,00	2017-07-26	-
PZU FIZ Akcji Focus	1 342,67	PLN	0,00	0,00	1,97	-4,77	16,31	0,00	2017-07-26	-
PZU FIZ Akord	112,70	PLN	0,00	0,00	1,03	0,55	4,24	0,00	2017-07-26	-
PZU FIZ Forte	1 195,49	PLN	0,00	0,00	0,99	0,86	0,94	0,00	2017-07-26	-
PZU FIZ Medyczny	1 126,73	PLN	0,00	0,00	4,97	0,91	5,60	0,00	2017-07-26	-
PZU FIZ Surowcowy	953,89	PLN	0,00	0,00	-0,32	-0,57	-1,75	0,00	2017-07-26	-
PZU Globalny Obligacji Korporacyjnych (PZU FIO Parasolowy)	50,84	PLN	0,12	0,14	0,08	0,83	2,52	0,00	2017-07-26	
PZU Gotówkowy (PZU FIO Parasolowy)	76,55	PLN	0,03	0,05	0,29	1,08	2,28	5,79	2017-07-26	
PZU Papierów Dłużnych POLONEZ (PZU FIO Parasolowy)	161,88	PLN	-0,01	-0,05	-0,28	1,83	1,72	7,01	2017-07-26	
PZU Sejf+ (PZU FIO Parasolowy)	63,38	PLN	0,02	0,08	0,24	1,10	2,06	5,06	2017-07-26	-
PZU SFIO Universum	1 420,10	PLN	0,25	0,88	0,57	-0,78	3,31	8,29	2017-07-26	
PZU Stabilnego Wzrostu Mazurek (PZU FIO Parasolowy)	138,84	PLN	0,14	0,39	2,33	4,94	8,77	5,17	2017-07-26	
PZU Telekomunikacja Media Technologia (PZU FIO Parasolowy)	44,25	PLN	0,48	1,40	1,58	-0,96	0,00	0,00	2017-07-26	-
PZU Zrównoważony (PZU FIO Parasolowy)	82,63	PLN	0,15	-0,04	0,71	3,04	20,65	14,92	2017-07-26	
QUERCUS Absolute Return FIZ	1 622,43	PLN	0,00	0,00	0,38	0,38	2,99	0,00	2017-07-26	-
QUERCUS Absolutnego Zwrotu FIZ	1 529,63	PLN	0,00	0,00	-0,07	1,05	8,69	0,00	2017-07-26	-
QUERCUS Agresywny (Parasolowy SFIO)	198,09	PLN	0,16	-0,56	-0,55	-1,14	20,30	21,82	2017-07-26	
QUERCUS Global Growth (Parasolowy SFIO)	103,20	PLN	0,77	0,35	1,80	0,00	0,00	0,00	2017-07-26	-
QUERCUS Gold (Parasolowy SFIO)	51,72	PLN	0,90	1,59	0,94	-1,75	-8,83	-12,38	2017-07-26	-
QUERCUS lev (Parasolowy SFIO)	83,17	PLN	0,96	-1,97	1,46	-0,95	65,78	-10,30	2017-07-26	-
QUERCUS Multistrategy FIZ	1 106,05	PLN	0,00	0,00	0,87	1,84	6,18	0,00	2017-07-26	-
QUERCUS Ochrony Kapitału (Parasolowy SFIO)	144,83	PLN	0,01	0,05	0,19	0,59	2,38	7,86	2017-07-26	-
QUERCUS Rosja (Parasolowy SFIO)	77,40	PLN	0,81	-1,75	0,90	-5,80	15,51	7,16	2017-07-26	-
QUERCUS Selektywny (Parasolowy SFIO)	160,87	PLN	-0,01	-0,02	-0,53	0,41	9,25	17,21	2017-07-26	-
QUERCUS short (Parasolowy SFIO)	68,18	PLN	-0,53	0,96	-1,04	-0,47	-27,96	-16,64	2017-07-26	-
QUERCUS Stabilny (Parasolowy SFIO)	119,58	PLN	0,13	-0,08	-0,22	0,09	1,49	18,87	2017-07-26	-
QUERCUS Turcja (Parasolowy SFIO)	113,11	PLN	0,23	-0,48	2,25	8,10	21,21	-1,62	2017-07-26	
Raiffeisen Aktywnego Inwestowania (Raiffeisen SFIO Parasolowy)	122,04	PLN	0,03	-0,28	-1,00	-0,45	2,91	21,16	2017-07-26	-
Raiffeisen Aktywnego Oszczędzania (Raiffeisen SFIO Parasolowy)	106,70	PLN	0,00	0,01	0,40	0,76	2,22	5,69	2017-07-26	
Raiffeisen Aktywnych Strategii Dłużnych (Raiffeisen SFIO Parasolowy)	111,27	PLN	0,00	0,02	0,46	1,76	4,92	0,00	2017-07-26	-
Raiffeisen Globalnych Możliwości (Raiffeisen SFIO Parasolowy)	108,80	PLN	0,18	-0,19	0,42	0,58	5,34	8,87	2017-07-26	-
REINO Dywidenda 2 FIZ	1 081,55	PLN	0,00	0,00	-3,12	-3,12	6,15	0,00	2017-07-26	-
Retail Parks Fund FIZ AN	142,20	PLN	0,00	0,00	1,01	3,10	12,97	0,00	2017-07-26	-
SATURN Agresywny FIZ	141,33	PLN	0,00	-0,07	2,18	4,15	29,02	0,00	2017-07-26	
SATURN Depozytowy FIZ	118,98	PLN	0,00	0,04	0,23	0,87	3,51	0,00	2017-07-26	-
SATURN Globalny Stabilnego Dochodu FIZ	107,38	PLN	0,00	0,07	0,80	3,53	0,00	0,00	2017-07-26	-
SECUS NSFIZ InSecura	245 600,00	PLN	0,00	0,00	-0,47	-0,78	2,00	0,00	2017-07-26	-
SFIO AGRO Kapitał na Rozwój	219 186,00	PLN	0,00	-0,10	2,17	5,51	1,28	-0,92	2017-07-25	-
SGB Dłużny (UniFundusze SFIO)	1 044,94	PLN	-0,08	-0,03	0,25	1,76	2,79	0,00	2017-07-26	-
SGB Gotówkowy (UniFundusze SFIO)	1 101,38	PLN	-0,01	0,02	0,28	0,93	2,57	7,04	2017-07-26	
SGB Zagraniczny (UniFundusze SFIO)	1 035,89	PLN	-0,09	-0,30	-0,42	-0,20	2,87	0,00	2017-07-26	-
Skarbiec - Obligacyjny FIZ	14 217,70	PLN	0,00	0,00	1,11	1,69	4,89	0,00	2017-07-26	
Skarbiec - Obligacyjny Nowej Europy FIZ	12 830,00	PLN	0,00	0,00	1,28	1,66	4,92	0,00	2017-07-26	-
Skarbiec - Top Funduszy Akcji SFIO	168,52	PLN	0,01	-0,57	0,67	1,87	26,42	16,25	2017-07-25	
Skarbiec - Top Funduszy Stabilnych SFIO	186,58	PLN	0,05	-0,25	0,26	1,18	12,24	12,05	2017-07-25	
Skarbiec Absolute Return Akcji FIZ	14 772,80	PLN	0,00	0,00	0,22	0,00	0,00	0,00	2017-07-26	-
Skarbiec Absolute Return Globalnych Obligacji FIZ	10 818,90	PLN	0,00	0,00	0,21	-0,64	3,34	0,00	2017-07-26	-
Skarbiec Akcja (Skarbiec FIO)	335,59	PLN	0,52	-0,08	1,26	1,53	34,03	19,38	2017-07-25	
Skarbiec Depozytowy DPW (Skarbiec FIO)	35,04	PLN	0,23	0,23	0,43	0,66	2,43	6,93	2017-07-25	
Skarbiec Dochodowych Nieruchomości FIZ AN	104,93	PLN	0,00	0,00	0,01	0,01	1,95	0,00	2017-07-26	-
Skarbiec Football FIZ AN seria A	10 608,30	PLN	0,00	0,00	0,00	0,73	3,00	0,00	2017-07-26	-
Skarbiec Football FIZ AN seria B	10 526,00	PLN	0,00	0,00	0,00	0,71	2,93	0,00	2017-07-26	-
Skarbiec Football FIZ AN seria C	10 373,20	PLN	0,00	0,00	0,00	0,69	2,78	0,00	2017-07-26	-
Skarbiec Globalny Małych i Średnich Spółek (Skarbiec FIO)	175,58	PLN	0,14	0,38	-0,31	4,86	28,03	0,00	2017-07-25	-
Skarbiec III Filar (Skarbiec FIO)	169,55	PLN	0,20	-0,04	0,26	0,70	13,65	13,98	2017-07-25	
Skarbiec Kasa Pieniężny (Skarbiec FIO)	341,34	PLN	0,02	-0,01	0,17	0,63	2,07	5,13	2017-07-25	
Skarbiec Lokacyjny (Skarbiec FIO)	136,99	PLN	0,06	0,18	0,41	1,00	3,96	7,84	2017-07-25	
Skarbiec Magna FIZ	9 605,90	PLN	0,00	0,00	1,42	3,22	-4,39	0,00	2017-07-26	-
Skarbiec Market Neutral (Skarbiec FIO)	127,96	PLN	-0,69	0,50	-2,29	0,66	-0,24	24,49	2017-07-25	-
Skarbiec Market Opportunities (Skarbiec FIO)	181,25	PLN	0,16	1,91	7,41	11,47	25,68	37,65	2017-07-25	-
Skarbiec Małych i Średnich Spółek (Skarbiec FIO)	95,40	PLN	0,37	0,75	-0,02	3,86	32,98	44,96	2017-07-25	
Skarbiec MultiAsset FIZ	10 925,40	PLN	0,00	0,00	-0,07	-2,14	3,82	0,00	2017-07-26	-
Skarbiec na 5 BIS FIZ AN	1 000,00	PLN	0,00	0,00	0,00	0,00	0,00	0,00	2017-07-26	-
Skarbiec na 5 FIZ AN	100,00	PLN	0,00	0,00	0,00	0,00	0,00	0,00	2017-07-26	
Skarbiec Obligacja Instrumentów Dłużnych (Skarbiec FIO)	306,84	PLN	-0,05	0,06	0,47	1,58	1,94	7,10	2017-07-25	
Skarbiec Obligacji Globalnych (Skarbiec FIO)	105,12	PLN	-0,01	0,08	0,21	0,82	2,92	0,00	2017-07-25	
Skarbiec Rynków Rozwiniętych (Skarbiec FIO)	111,09	PLN	0,55	0,44	0,85	3,00	18,50	16,58	2017-07-25	
Skarbiec Rynków Rozwiniętych (USD) (Skarbiec FIO)	30,42	USD	0,20	0,30	4,46	9,66	28,79	-1,59	2017-07-25	-
Skarbiec Rynków Surowcowych (Skarbiec FIO)	51,35	PLN	0,53	0,29	3,70	-2,21	-4,50	-42,54	2017-07-25	-
Skarbiec Rynków Wschodzących (EUR) (Skarbiec FIO)	1,92	EUR	0,00	-0,52	-0,52	-0,52	8,47	-10,70	2017-07-25	-
Skarbiec Rynków Wschodzących (Skarbiec FIO)	8,19	PLN	0,37	1,11	0,49	0,24	6,09	-8,08	2017-07-25	
Skarbiec Spółek Wzrostowych (Skarbiec FIO)	94,78	PLN	-0,37	0,99	0,14	8,51	32,82	40,83	2017-07-25	
Skarbiec Top Brands (Skarbiec FIO)	160,65	PLN	-0,06	0,80	1,84	9,53	28,49	39,99	2017-07-25	
Skarbiec Waga Zrównoważony (Skarbiec FIO)	316,06	PLN	0,31	-0,02	0,68	0,86	14,58	12,33	2017-07-25	
Skarbiec Zdrowia FIZ AN	10 000,00	PLN	0,00	0,00	0,00	0,00	0,00	0,00	2017-07-26	-
SKOK Etyczny 2 (SKOK PARASOL FIO)	118,22	PLN	0,70	0,28	1,65	1,46	21,58	20,53	2017-07-26	
SKOK FIO Rynku Pieniężnego	152,80	PLN	0,00	0,03	0,22	0,82	1,94	4,36	2017-07-26	-
SKOK Gotówkowy (SKOK PARASOL FIO)	123,21	PLN	0,03	0,05	0,43	0,78	2,24	4,18	2017-07-26	
SKOK Obligacji (SKOK PARASOL FIO)	175,15	PLN	0,01	0,05	0,34	0,71	0,95	0,00	2017-07-26	
SKOK Stabilny Zmiennej Alokacji (SKOK PARASOL FIO)	142,58	PLN	0,24	-0,08	0,32	0,40	5,61	3,85	2017-07-26	
Sniper FIZ	130,29	PLN	0,00	0,00	-0,28	-0,96	30,20	0,00	2017-07-26	-
Solution One FIZ kategoria C	127,25	PLN	0,00	0,00	0,34	2,83	9,90	0,00	2017-07-26	-
Stilo Energy FIZ	116,80	PLN	0,00	0,00	-62,58	-62,58	-87,83	0,00	2017-07-12	-
subGO Fund Wierzytelności (GO FUND FIZ)	3,04	PLN	0,00	0,00	-2,56	-2,56	0,00	8,57	2017-07-26	-
subGO Micro (GO FUND FIZ)	0,96	PLN	0,00	0,00	-9,43	-9,43	-16,52	0,00	2017-07-26	-
subGO Obligacje 1 (GO FUND FIZ)	1,82	PLN	0,00	0,00	1,68	1,68	6,43	22,15	2017-07-26	-
subGO Wierzytelności Płynnych (GO FUND FIZ)	1,19	PLN	0,00	0,00	1,71	1,71	6,25	0,00	2017-07-26	-
Superfund Akcji (EUR) (Superfund SFIO)	194,26	EUR	0,49	-2,02	-1,04	-2,86	6,30	-0,52	2017-07-26	-
Superfund Akcji (Superfund SFIO)	827,74	PLN	0,61	-0,73	0,11	-2,04	3,66	2,25	2017-07-26	
Superfund Akcji (USD) (Superfund SFIO)	225,78	USD	0,22	-1,20	2,82	3,56	12,21	-14,01	2017-07-26	-
Superfund Akcyjny (Superfund SFIO Portfelowy)	103,10	PLN	0,60	-0,55	-0,12	-3,72	6,54	2,49	2017-07-26	
Superfund Alternatywny (Superfund SFIO Portfelowy)	96,05	PLN	0,03	1,04	0,05	2,14	-7,22	-6,32	2017-07-26	-
Superfund BLUE (EUR) (Superfund SFIO)	165,18	EUR	-0,12	-0,86	-1,14	-0,49	-9,87	0,43	2017-07-26	-
Superfund BLUE (Superfund SFIO)	703,84	PLN	0,00	0,44	0,02	0,34	-12,10	3,22	2017-07-26	-
Superfund BLUE (USD) (Superfund SFIO)	191,99	USD	-0,38	-0,04	2,73	6,08	-4,86	-13,19	2017-07-26	-
Superfund Goldfuture (EUR) (Superfund SFIO)	118,59	EUR	0,37	0,59	-1,18	0,08	-16,23	-18,63	2017-07-26	-
Superfund Goldfuture (Superfund SFIO)	505,31	PLN	0,49	1,91	-0,03	0,92	-18,31	-16,37	2017-07-26	-
Superfund Goldfuture (USD) (Superfund SFIO)	137,83	USD	0,09	1,42	2,67	6,69	-11,58	-29,67	2017-07-26	-
Superfund GREEN (EUR) (Superfund SFIO)	188,27	EUR	0,43	0,08	-1,14	2,22	-9,11	-2,62	2017-07-26	-
Superfund GREEN (Superfund SFIO)	802,23	PLN	0,55	1,40	0,01	3,08	-11,36	0,08	2017-07-26	-
Superfund GREEN (USD) (Superfund SFIO)	218,82	USD	0,16	0,91	2,72	8,97	-4,06	-15,84	2017-07-26	-
Superfund Obligacyjny (Superfund SFIO Portfelowy)	106,27	PLN	-0,05	-0,03	0,43	1,13	1,33	2,04	2017-07-26	
Superfund Pieniężny (Superfund SFIO Portfelowy)	110,91	PLN	0,01	0,05	0,32	1,14	2,70	0,00	2017-07-26	
Superfund Płynnościowy (EUR) (Superfund SFIO)	370,76	EUR	-0,11	-1,22	-0,79	0,24	5,60	0,00	2017-07-26	-
Superfund Płynnościowy (Superfund SFIO)	1 579,84	PLN	0,02	0,08	0,38	1,08	2,98	0,00	2017-07-26	
Superfund Płynnościowy (USD) (Superfund SFIO)	430,93	USD	-0,37	-0,40	3,09	6,86	11,46	0,00	2017-07-26	-
Superfund RED (EUR) (Superfund SFIO)	134,74	EUR	-0,11	-1,19	-0,25	3,08	0,93	-24,84	2017-07-26	-
Superfund RED (Superfund SFIO)	574,16	PLN	0,01	0,12	0,92	3,95	-1,57	-22,75	2017-07-26	-
Superfund RED (USD) (Superfund SFIO)	156,61	USD	-0,38	-0,36	3,65	9,89	6,54	-35,04	2017-07-26	-
Superfund Trend Bis Powiązany SFIO	70,81	PLN	0,55	1,39	-0,08	2,64	-12,74	-1,94	2017-07-26	-
Superfund Trend Bis Powiązany SFIO (EUR)	16,62	EUR	0,42	0,06	-1,25	1,78	-10,50	-4,59	2017-07-26	-
Superfund Trend Bis Powiązany SFIO (USD)	19,31	USD	0,16	0,89	2,60	8,48	-5,57	-17,55	2017-07-26	-
Superfund Trend Plus Powiązany SFIO kat. Standardowa	68,43	PLN	0,56	1,41	-0,03	2,75	-12,77	-2,52	2017-07-26	-
Superfund Trend Plus Powiązany SFIO kat. Standardowa (EUR)	16,06	EUR	0,44	0,12	-1,17	1,90	-10,53	-5,14	2017-07-26	-
Superfund Trend Plus Powiązany SFIO kat. Standardowa (USD)	18,67	USD	0,21	0,97	2,70	8,67	-5,56	-18,01	2017-07-26	-
Superfund Trend Podstawowy SFIO	87,29	PLN	0,56	1,45	0,20	3,50	-10,45	5,56	2017-07-26	-
Superfund Trend Podstawowy SFIO (EUR)	20,49	EUR	0,44	0,15	-0,97	2,66	-8,16	2,71	2017-07-26	-
Superfund Trend Podstawowy SFIO (USD)	23,81	USD	0,17	0,98	2,90	9,42	-3,09	-11,22	2017-07-26	-
Tar Heel Capital Globalnej Innowacji FIZ	1 038,12	PLN	0,00	0,00	0,09	2,08	0,00	0,00	2017-07-26	-
Total FIZ	194,68	PLN	0,00	0,00	1,62	5,67	26,06	0,00	2017-07-26	-
Trigon Globalni Liderzy Wzrostu FIZ	133,43	PLN	0,00	0,00	4,10	11,57	34,78	0,00	2017-07-26	
Trigon Infinity Akcji FIZ	100,02	PLN	0,00	0,00	0,00	0,00	0,00	0,00	2017-07-26	-
Trigon Obligacji Plus FIZ	103,66	PLN	0,00	0,00	0,22	0,81	3,76	0,00	2017-07-26	-
Trigon Polskie Perły FIZ	142,04	PLN	0,00	0,00	2,21	1,52	13,63	0,00	2017-07-26	-
Trigon Profit II NSFIZ	2 084,52	PLN	0,00	0,00	1,02	1,09	6,27	0,00	2017-07-26	-
Trigon Profit III FIZ	120,07	PLN	0,00	0,00	0,35	1,18	6,80	0,00	2017-07-26	-
Trigon Profit IV NSFIZ	222,66	PLN	0,00	0,00	1,21	5,54	9,39	0,00	2017-07-26	-
Trigon Profit IX NSFIZ	195,29	PLN	0,00	0,00	0,90	2,95	4,56	0,00	2017-07-26	-
Trigon Profit MultiAsset FIZ	100,06	PLN	0,00	0,00	0,00	0,06	0,00	0,00	2017-07-26	-
Trigon Profit NSFIZ	2 099,64	PLN	0,00	0,00	1,40	1,49	3,42	0,00	2017-07-26	-
Trigon Profit V NSFIZ	205,33	PLN	0,00	0,00	2,24	5,19	7,12	0,00	2017-07-26	-
Trigon Profit VII NSFIZ	196,91	PLN	0,00	0,00	0,30	2,40	4,31	0,00	2017-07-26	-
Trigon Profit VIII NSFIZ	187,66	PLN	0,00	0,00	-3,17	-2,19	2,48	0,00	2017-07-26	-
Trigon Profit XI FIZ	109,53	PLN	0,00	0,00	0,38	0,66	3,28	0,00	2017-07-26	-
Trigon Profit XII NSFIZ	190,99	PLN	0,00	0,00	-0,28	-1,71	5,81	0,00	2017-07-26	-
Trigon Profit XIV NSFIZ	192,56	PLN	0,00	0,00	2,01	-0,51	4,93	0,00	2017-07-26	-
Trigon Profit XIX FIZ	105,37	PLN	0,00	0,00	0,40	1,74	5,37	0,00	2017-07-26	-
Trigon Profit XV NSFIZ	191,56	PLN	0,00	0,00	-1,39	-1,92	4,40	0,00	2017-07-26	-
Trigon Profit XVI NSFIZ	197,58	PLN	0,00	0,00	0,10	1,18	6,17	0,00	2017-07-26	-
Trigon Profit XVII FIZ	107,32	PLN	0,00	0,00	0,52	1,47	7,24	0,00	2017-07-26	-
Trigon Profit XVIII NSFIZ	194,33	PLN	0,00	0,00	-1,23	1,56	8,11	0,00	2017-07-26	-
Trigon Profit XX NSFIZ	189 917,00	PLN	0,00	0,00	0,09	0,41	0,00	0,00	2017-07-26	-
Trigon Profit XXI NSFIZ	186 989,00	PLN	0,00	0,00	0,70	2,35	0,00	0,00	2017-07-26	-
Trigon Profit XXII NSFIZ	191 220,00	PLN	0,00	0,00	0,57	1,08	0,00	0,00	2017-07-26	-
Trigon Profit XXIII NSFIZ	191 318,00	PLN	0,00	0,00	-0,40	1,27	0,00	0,00	2017-07-26	-
Trigon Profit XXIV NSFIZ	187 815,00	PLN	0,00	0,00	-0,41	-0,89	0,00	0,00	2017-07-26	-
Trigon Profit XXV FIZ	99,85	PLN	0,00	-0,16	-0,15	0,00	0,00	0,00	2017-07-26	-
Trigon Quantum Absolute Return FIZ	1 786,66	PLN	0,00	0,00	2,65	1,63	12,21	0,00	2017-07-26	-
Trigon Quantum Arbitrage FIZ (w likwidacji)	1 009,34	PLN	0,00	0,00	0,09	-0,58	1,70	0,00	2017-07-12	-
Trigon Quantum Neutral FIZ	135,90	PLN	0,00	0,00	-0,21	0,85	9,42	0,00	2017-07-26	-
Trigon Stabilny Dochód FIZ	101,68	PLN	0,00	0,00	-0,07	0,37	1,68	0,00	2017-07-26	-
Trigon Walutowy FIZ (USD)	30,37	USD	0,00	0,00	-0,13	0,40	0,00	0,00	2017-07-26	-
Trigon XVI FIZ	1 356,90	PLN	0,00	0,00	0,42	0,71	13,40	0,00	2017-07-26	-
Trigon XXI FIZ	111,69	PLN	0,00	0,00	0,40	2,32	11,69	0,00	2017-07-26	-
UniAbsolute Return Akcyjny FIZ	117,16	PLN	0,00	0,00	0,16	0,51	4,31	0,00	2017-07-26	-
UniAbsolute Return Dłużny FIZ	1 074,50	PLN	0,00	0,00	0,27	1,56	3,56	0,00	2017-07-26	-
UniAbsolute Return Globalny FIZ	99,54	PLN	0,00	0,00	0,39	0,15	-0,47	0,00	2017-07-26	-
UniAbsolute Return Uniwersalny (UniFundusze SFIO) (w likwidacji)	94,33	PLN	0,00	-0,13	-0,49	-0,35	0,00	0,00	2017-06-28	-
UniAkcje Biopharma (UniFundusze SFIO)	110,38	PLN	-0,19	-1,69	-5,72	-1,68	5,36	0,00	2017-07-26	-
UniAkcje Dywidendowy (UniFundusze FIO)	134,21	PLN	0,49	0,20	-0,36	0,94	16,85	16,16	2017-07-26	
UniAkcje Globalny Dywidendowy (UniFundusze SFIO)	106,62	PLN	-0,29	-1,56	-1,77	-2,59	0,95	0,00	2017-07-26	
UniAkcje Małych i Średnich Spółek (UniFundusze FIO)	112,14	PLN	0,09	-0,66	-1,23	2,03	19,87	32,44	2017-07-26	
UniAkcje Wzrostu (UniFundusze FIO)	115,62	PLN	0,62	-0,08	0,04	1,52	26,54	24,79	2017-07-26	
UniAkcje: Daleki Wschód (UniFundusze SFIO)	113,70	PLN	0,67	-0,56	-2,06	0,50	8,38	0,00	2017-07-26	
UniAkcje: Nowa Europa (UniFundusze FIO)	130,86	PLN	0,69	1,11	2,64	5,52	22,28	27,26	2017-07-26	
UniAkcje: Turcja (UniFundusze FIO)	72,73	PLN	0,18	0,14	3,09	7,62	13,68	-12,21	2017-07-26	
UniAktywny Pieniężny (UniFundusze SFIO)	105,37	PLN	-0,01	0,00	0,31	1,10	3,92	0,00	2017-07-26	
UniDolar Pieniężny (USD) (UniFundusze FIO)	41,06	USD	0,00	0,05	0,02	0,32	0,81	3,48	2017-07-26	-
UniEURIBOR (EUR) (UniFundusze SFIO)	1 196,12	EUR	-0,01	0,03	0,02	0,21	0,54	1,86	2017-07-26	-
UniGotówkowy Aktywa Polskie (UniFundusze SFIO)	1 004,51	PLN	0,00	0,03	0,18	0,41	0,00	0,00	2017-07-26	-
UniKorona Akcje (UniFundusze FIO)	234,26	PLN	0,75	0,21	1,49	1,39	27,43	13,53	2017-07-26	
UniKorona Obligacje (UniFundusze FIO)	341,46	PLN	-0,06	-0,02	0,08	1,10	1,29	4,51	2017-07-26	
UniKorona Pieniężny (UniFundusze FIO)	213,14	PLN	-0,02	0,03	0,30	1,12	3,29	8,02	2017-07-26	
UniKorona Zrównoważony (UniFundusze FIO)	336,95	PLN	0,32	-0,14	0,44	0,97	15,67	10,40	2017-07-26	
UniLokata (UniFundusze FIO)	119,01	PLN	0,01	0,05	0,22	0,61	2,08	6,84	2017-07-26	
UniObligacje Aktywny (UniFundusze SFIO)	154,18	PLN	-0,12	-0,13	-0,01	1,61	0,43	6,78	2017-07-26	
UniObligacje FIZ	1 296,21	PLN	0,00	0,00	0,17	1,37	2,57	0,00	2017-07-26	-
UniObligacje: Nowa Europa (UniFundusze FIO)	201,30	PLN	-0,03	0,45	-0,39	1,46	-3,86	5,27	2017-07-26	-
UniStabilny Wzrost (UniFundusze FIO)	178,62	PLN	0,20	0,03	0,44	1,84	9,29	6,98	2017-07-26	
UniStrategia Opcja na Zysk FIZ	954,61	PLN	0,00	0,00	0,28	0,13	3,41	-1,65	2017-07-26	-
Universe 2 NSFIZ	202 988,00	PLN	0,00	0,00	-0,85	-0,31	1,06	0,00	2017-07-26	-
Universe NSFIZ	236 494,00	PLN	0,00	0,00	-0,36	0,12	3,16	0,00	2017-07-26	-
UniWIBID Plus (UniFundusze SFIO)	1 723,18	PLN	0,01	0,04	0,19	0,56	2,14	7,52	2017-07-26	
Venture FIZ	130,70	PLN	0,00	0,00	1,36	1,84	16,04	0,00	2017-07-26	-
Vivante FIZ AN	689,04	PLN	0,00	0,00	-6,14	-5,67	-18,84	-13,69	2017-07-26	-
Zolkiewicz & Partners Inwestycji w Wartość FIZ	132,42	PLN	0,00	0,00	1,90	1,90	21,62	0,00	2017-07-26	-
